alert.acknowledged		Plans/UI_Command_Catalog.md:7995|Plans/event_family_registry.json:5-8
alert.dismissed		Plans/UI_Command_Catalog.md:7997|Plans/event_family_registry.json:5-8
alert.rule_muted		Plans/UI_Command_Catalog.md:7999|Plans/event_family_registry.json:5-8
alert.snoozed		Plans/UI_Command_Catalog.md:7996|Plans/event_family_registry.json:5-8
approval.denied	Plans/Contracts_V0.md:930-954	Plans/Contracts_V0.md:921|Plans/human-in-the-loop.md:283|Plans/Contracts_V0.md:943|Plans/event_family_registry.json:5-8|Plans/Contracts_V0.md:930-954|Plans/Contracts_V0.md:954
approval.granted	Plans/Contracts_V0.md:930-953	Plans/human-in-the-loop.md:283|Plans/Contracts_V0.md:942|Plans/event_family_registry.json:5-8|Plans/Contracts_V0.md:930-953|Plans/Contracts_V0.md:953
approval.requested	Plans/Contracts_V0.md:930-952	Plans/Contracts_V0.md:919|Plans/human-in-the-loop.md:61|Plans/Contracts_V0.md:941|Plans/event_family_registry.json:5-8|Plans/Contracts_V0.md:930-952|Plans/Contracts_V0.md:952
approval.timeout	Plans/Contracts_V0.md:930-955	Plans/Contracts_V0.md:922|Plans/Contracts_V0.md:944|Plans/event_family_registry.json:5-8|Plans/Contracts_V0.md:930-955|Plans/Contracts_V0.md:955
attempt.completed		Plans/Contracts_V0.md:2650-2657|Plans/event_family_registry.json:5-8
attempt.started		Plans/Contracts_V0.md:2638-2648|Plans/event_family_registry.json:5-8
auth.github.authenticated	Plans/Contracts_V0.md:1634-1642	Plans/UI_Command_Catalog.md:293|Plans/Contracts_V0.md:1599-1609|Plans/Contracts_V0.md:9693-9703|Plans/UI_Command_Catalog.md:306|Plans/Contracts_V0.md:1633-1667|Plans/Contracts_V0.md:9808-9841|Plans/Contracts_V0.md:1634-1642|Plans/Contracts_V0.md:1644-1663|Plans/Contracts_V0.md:1659-1665
auth.github.device_code.issued	Plans/Contracts_V0.md:1634-1642	Plans/UI_Command_Catalog.md:293|Plans/Contracts_V0.md:1599-1609|Plans/Contracts_V0.md:9693-9703|Plans/UI_Command_Catalog.md:306|Plans/Contracts_V0.md:1633-1667|Plans/Contracts_V0.md:9808-9841|Plans/Contracts_V0.md:1634-1642|Plans/Contracts_V0.md:1644-1663|Plans/Contracts_V0.md:1659-1665
auth.github.disconnected	Plans/Contracts_V0.md:1634-1642	Plans/UI_Command_Catalog.md:304|Plans/Contracts_V0.md:1599-1609|Plans/Contracts_V0.md:9693-9703|Plans/UI_Command_Catalog.md:317|Plans/Contracts_V0.md:1633-1667|Plans/Contracts_V0.md:9808-9841|Plans/Contracts_V0.md:1634-1642|Plans/Contracts_V0.md:1644-1663|Plans/Contracts_V0.md:1659-1665
auth.github.failed	Plans/Contracts_V0.md:1634-1642	Plans/UI_Command_Catalog.md:293|Plans/Contracts_V0.md:1599-1609|Plans/Contracts_V0.md:9693-9703|Plans/UI_Command_Catalog.md:306|Plans/Contracts_V0.md:1633-1667|Plans/Contracts_V0.md:9808-9841|Plans/Contracts_V0.md:1634-1642|Plans/Contracts_V0.md:1644-1663|Plans/Contracts_V0.md:1659-1665
auth.github.token.polling	Plans/Contracts_V0.md:1634-1642	Plans/UI_Command_Catalog.md:293|Plans/Contracts_V0.md:1599-1609|Plans/Contracts_V0.md:9693-9703|Plans/UI_Command_Catalog.md:306|Plans/Contracts_V0.md:1633-1667|Plans/Contracts_V0.md:9808-9841|Plans/Contracts_V0.md:1634-1642|Plans/Contracts_V0.md:1644-1663|Plans/Contracts_V0.md:1659-1665
browser.context_captured		Plans/storage-plan.md:1136|Plans/storage-plan.md:1273|Plans/storage-plan.md:8740|Plans/UI_Command_Catalog.md:822|Plans/UI_Command_Catalog.md:840|Plans/UI_Command_Catalog.md:810-813|Plans/UI_Command_Catalog.md:828|Plans/Wiring_Matrix.production.json:1236-1245
browser.context_share_revoked		Plans/UI_Command_Catalog.md:817|Plans/UI_Command_Catalog.md:829|Plans/event_family_registry.json:5-8
browser.context_shared		Plans/UI_Command_Catalog.md:816|Plans/UI_Command_Catalog.md:829|Plans/event_family_registry.json:5-8
browser.session.closed		Plans/UI_Command_Catalog.md:816|Plans/UI_Wiring_Rules.md:503|Plans/UI_Command_Catalog.md:850|Plans/UI_Command_Catalog.md:825|Plans/UI_Command_Catalog.md:799,802-825|Plans/Wiring_Matrix.production.json:1460-1477
browser.session.created		Plans/UI_Command_Catalog.md:816|Plans/UI_Wiring_Rules.md:503|Plans/UI_Command_Catalog.md:829|Plans/UI_Command_Catalog.md:804-805|Plans/UI_Command_Catalog.md:799,802-805|Plans/Wiring_Matrix.production.json:1590-1606,1711-1729
browser.session.navigated		Plans/storage-plan.md:1271|Plans/storage-plan.md:8738|Plans/storage-plan.md:8739
browser.session.promoted		Plans/UI_Command_Catalog.md:816|Plans/UI_Wiring_Rules.md:503|Plans/UI_Command_Catalog.md:847|Plans/UI_Command_Catalog.md:822|Plans/UI_Command_Catalog.md:799,802-822|Plans/Wiring_Matrix.production.json:1903-1918
browser.session.resized		Plans/storage-plan.md:1272|Plans/storage-plan.md:8739|Plans/storage-plan.md:8740
browser.session.state_changed		Plans/UI_Command_Catalog.md:816|Plans/UI_Wiring_Rules.md:503|Plans/UI_Command_Catalog.md:829|Plans/UI_Command_Catalog.md:804-805,807,823-824|Plans/UI_Command_Catalog.md:799,802-807,823-824|Plans/Wiring_Matrix.production.json:1590-1606,1711-1729,1966-1981,2029-2044
browser.session.takeover_state_changed		Plans/UI_Command_Catalog.md:816|Plans/UI_Wiring_Rules.md:503|Plans/UI_Command_Catalog.md:843|Plans/UI_Command_Catalog.md:818-821|Plans/UI_Command_Catalog.md:799,802-821|Plans/Wiring_Matrix.production.json:1525-1540,1777-1792
bundle.annotation_state_changed	Plans/Contracts_V0.md:930-949	Plans/Contracts_V0.md:938|Plans/Contracts_V0.md:949|Plans/Contracts_V0.md:961|Plans/Contracts_V0.md:930-949
bundle.note_created		Plans/storage-plan.md:1139|Plans/storage-plan.md:8479|Plans/Contracts_V0.md:930|Plans/storage-plan.md:1138-1139
bundle.note_status_changed		Plans/storage-plan.md:1140|Plans/storage-plan.md:8480|Plans/Contracts_V0.md:930|Plans/storage-plan.md:1138-1140
bundle.revision_completed		Plans/storage-plan.md:1141|Plans/storage-plan.md:8487|Plans/Contracts_V0.md:930|Plans/storage-plan.md:1138-1141
bundle.revision_interrupted		Plans/storage-plan.md:1141|Plans/storage-plan.md:8488|Plans/Contracts_V0.md:930|Plans/storage-plan.md:1138-1141
bundle.revision_requested	Plans/Contracts_V0.md:951	Plans/Contracts_V0.md:940|Plans/Contracts_V0.md:951|Plans/Contracts_V0.md:961
bundle.revision_started		Plans/storage-plan.md:1141|Plans/storage-plan.md:8486|Plans/Contracts_V0.md:930|Plans/storage-plan.md:1138-1141
bundle.selection_forward_blocked		Plans/storage-plan.md:1138-1143|Plans/Contracts_V0.md:928-932
bundle.selection_sent_to_chat	Plans/Contracts_V0.md:965	Plans/Contracts_V0.md:872|Plans/Contracts_V0.md:917|Plans/storage-plan.md:1142|Plans/Contracts_V0.md:950|Plans/Contracts_V0.md:961|Plans/Contracts_V0.md:905|Plans/Contracts_V0.md:965
catalog.install.completed		Plans/UI_Command_Catalog.md:916-916|Plans/Wiring_Matrix.production.json:2357-2411|Plans/Contracts_V0.md:928-932
catalog.install.started		Plans/UI_Command_Catalog.md:916|Plans/UI_Command_Catalog.md:920|Plans/UI_Command_Catalog.md:928|Plans/UI_Wiring_Rules.md:503|Plans/UI_Command_Catalog.md:941|Plans/Wiring_Matrix.production.json:2357-2378|Plans/Wiring_Matrix.production.json:2398-2409
catalog.remove.completed		Plans/UI_Command_Catalog.md:918|Plans/UI_Command_Catalog.md:920|Plans/UI_Command_Catalog.md:928|Plans/UI_Wiring_Rules.md:503|Plans/UI_Command_Catalog.md:943|Plans/Wiring_Matrix.production.json:2412-2433|Plans/Wiring_Matrix.production.json:2453-2464
catalog.remove.started		Plans/UI_Command_Catalog.md:918|Plans/UI_Command_Catalog.md:920|Plans/UI_Command_Catalog.md:928|Plans/UI_Wiring_Rules.md:503|Plans/UI_Command_Catalog.md:943|Plans/Wiring_Matrix.production.json:2412-2433|Plans/Wiring_Matrix.production.json:2453-2464
catalog.update.completed		Plans/UI_Command_Catalog.md:917|Plans/UI_Command_Catalog.md:920|Plans/UI_Command_Catalog.md:928|Plans/UI_Wiring_Rules.md:503|Plans/UI_Command_Catalog.md:942|Plans/Wiring_Matrix.production.json:2467-2488|Plans/Wiring_Matrix.production.json:2508-2519
catalog.update.started		Plans/UI_Command_Catalog.md:917|Plans/UI_Command_Catalog.md:920|Plans/UI_Command_Catalog.md:928|Plans/UI_Wiring_Rules.md:503|Plans/UI_Command_Catalog.md:942|Plans/Wiring_Matrix.production.json:2467-2488|Plans/Wiring_Matrix.production.json:2508-2519
chat.message		Plans/storage-plan.md:1592-1596|Plans/storage-plan.md:1975-1977|Plans/Plugins_System.md:263-273|Plans/Contracts_V0.md:928-932
chat.plan_todo_updated		Plans/assistant-chat-design.md:667-671|Plans/assistant-chat-design.md:802-804|Plans/Tools.md:578-582|Plans/storage-plan.md:1739-1741|Plans/Contracts_V0.md:1468
chat.response_stop_requested		Plans/UI_Command_Catalog.md:8010|Plans/UI_Wiring_Rules.md:503|Plans/UI_Command_Catalog.md:8035|Plans/Wiring_Matrix.production.json:5573-5594|Plans/Wiring_Matrix.production.json:5613-5625
chat.thread_archived		Plans/Contracts_V0.md:975|Plans/storage-plan.md:1566|Plans/Contracts_V0.md:964|Plans/Wiring_Matrix.production.json:2632-2653|Plans/Wiring_Matrix.production.json:2673-2684
chat.thread_created		Plans/Contracts_V0.md:975-978|Plans/storage-plan.md:1592-1596|Plans/storage-plan.md:1975-1977|Plans/Contracts_V0.md:928-932
chat.thread_deleted		Plans/Contracts_V0.md:964|Plans/storage-plan.md:1566|Plans/Contracts_V0.md:975
chat.thread_worktree_bound		Plans/Contracts_V0.md:948|Plans/assistant-chat-design.md:3337|Plans/assistant-chat-design.md:2962|Plans/Contracts_V0.md:981|Plans/storage-plan.md:1572|Plans/assistant-chat-design.md:3339|Plans/assistant-chat-design.md:2964|Plans/Contracts_V0.md:1014-1030|Plans/assistant-chat-design.md:3006-3007
chat.thread_worktree_create_failed		Plans/storage-plan.md:1574|Plans/assistant-chat-design.md:3340|Plans/assistant-chat-design.md:2962|Plans/Contracts_V0.md:984|Plans/storage-plan.md:1575|Plans/assistant-chat-design.md:3342|Plans/Contracts_V0.md:961,1014-1030
chat.thread_worktree_merge_failed		Plans/storage-plan.md:1576|Plans/assistant-chat-design.md:3342|Plans/assistant-chat-design.md:2962|Plans/Contracts_V0.md:986|Plans/storage-plan.md:1577|Plans/assistant-chat-design.md:3344|Plans/Contracts_V0.md:961,1014-1030
chat.thread_worktree_merged		Plans/Contracts_V0.md:952|Plans/storage-plan.md:1575|Plans/assistant-chat-design.md:3341|Plans/assistant-chat-design.md:2962|Plans/Contracts_V0.md:985|Plans/storage-plan.md:1576|Plans/assistant-chat-design.md:3343|Plans/Contracts_V0.md:961,1014-1030
chat.thread_worktree_pr_created		Plans/Contracts_V0.md:954|Plans/storage-plan.md:1577|Plans/assistant-chat-design.md:3343|Plans/assistant-chat-design.md:2962|Plans/Contracts_V0.md:987|Plans/storage-plan.md:1578|Plans/assistant-chat-design.md:3345|Plans/Contracts_V0.md:961,1014-1030
chat.thread_worktree_pr_failed		Plans/Contracts_V0.md:960|Plans/assistant-chat-design.md:3344|Plans/assistant-chat-design.md:2962|Plans/Contracts_V0.md:988,993|Plans/storage-plan.md:1579,1584|Plans/assistant-chat-design.md:3242-3246,3346|Plans/Contracts_V0.md:961,1014-1030|Plans/assistant-chat-design.md:3242-3246
chat.thread_worktree_pre_merge_test_failed		Plans/Contracts_V0.md:958|Plans/assistant-chat-design.md:3347|Plans/assistant-chat-design.md:2962|Plans/Contracts_V0.md:991|Plans/storage-plan.md:1582|Plans/assistant-chat-design.md:3349|Plans/Contracts_V0.md:961,1014-1030
chat.thread_worktree_pre_merge_test_passed		Plans/Contracts_V0.md:957|Plans/assistant-chat-design.md:3346|Plans/assistant-chat-design.md:2962|Plans/Contracts_V0.md:990|Plans/storage-plan.md:1581|Plans/assistant-chat-design.md:3348|Plans/Contracts_V0.md:961,1014-1030
chat.thread_worktree_pre_merge_test_started		Plans/assistant-chat-design.md:3345|Plans/assistant-chat-design.md:2962|Plans/Contracts_V0.md:989|Plans/storage-plan.md:1580|Plans/assistant-chat-design.md:3347|Plans/Contracts_V0.md:961,1014-1030|Plans/event_family_registry.json:3-8
chat.thread_worktree_renamed		Plans/Contracts_V0.md:950|Plans/storage-plan.md:1573|Plans/assistant-chat-design.md:3339|Plans/assistant-chat-design.md:2962|Plans/storage-plan.md:1574|Plans/assistant-chat-design.md:3341
chat.thread_worktree_unbound		Plans/assistant-chat-design.md:3338|Plans/assistant-chat-design.md:2962|Plans/assistant-chat-design.md:2964|Plans/assistant-chat-design.md:2970|Plans/storage-plan.md:1573|Plans/assistant-chat-design.md:3340
concern.assigned		Plans/Wiring_Matrix.production.json:6508-6569|Plans/UI_Command_Catalog.md:8002-8002|Plans/Contracts_V0.md:928-932
concern.created		Plans/Wiring_Matrix.production.json:6570-6631|Plans/UI_Command_Catalog.md:8000-8000|Plans/Contracts_V0.md:928-932
concern.evidence_linked		Plans/Wiring_Matrix.production.json:6632-6693|Plans/UI_Command_Catalog.md:8005-8005|Plans/Contracts_V0.md:928-932
concern.promoted		Plans/Wiring_Matrix.production.json:6694-6755|Plans/UI_Command_Catalog.md:8006-8006|Plans/Contracts_V0.md:928-932
concern.reopened		Plans/Wiring_Matrix.production.json:6756-6817|Plans/UI_Command_Catalog.md:8004-8004|Plans/Contracts_V0.md:928-932
concern.resolved		Plans/Wiring_Matrix.production.json:6818-6879|Plans/UI_Command_Catalog.md:8003-8003|Plans/Contracts_V0.md:928-932
concern.updated		Plans/UI_Command_Catalog.md:8001|Plans/Wiring_Matrix.production.json:6880-6940|Plans/.audits/event-authority-2026-08-12/cohort-pins/EVENT_TO_COHORTS.json:176-178|Plans/Wiring_Matrix.production.json:6880-6903
config.migrated		Plans/WorktreeGitImprovement.md:607-610|Plans/.audits/event-authority-2026-08-12/cohort-pins/EVENT_TO_COHORTS.json:179-181
config.validation.failed		Plans/orchestrator-subagent-integration.md:1330-1337|Plans/.audits/event-authority-2026-08-12/cohort-pins/EVENT_TO_COHORTS.json:182-184
context.compaction.failed		Plans/UI_Command_Catalog.md:788|Plans/UI_Wiring_Rules.md:503|Plans/UI_Command_Catalog.md:801|Plans/UI_Command_Catalog.md:776|Plans/Automated_Testing_System.md:1371-1398
context.compaction.started		Plans/UI_Command_Catalog.md:788|Plans/UI_Wiring_Rules.md:503|Plans/UI_Command_Catalog.md:801|Plans/UI_Command_Catalog.md:776|Plans/Automated_Testing_System.md:1371-1398
coordination.agent_aborted	Plans/storage-plan.md:514-548	Plans/Contracts_V0.md:2913|Plans/storage-plan.md:525|Plans/storage_value_registry.json:5179|Plans/orchestrator-subagent-integration.md:3782|Plans/Contracts_V0.md:2917-2949|Plans/storage-plan.md:514-548|Plans/storage-plan.md:508|Plans/storage_value_registry.json:5233-5287|Plans/storage_value_registry.json:302-315|Plans/storage_value_registry.json:5318
coordination.agent_crashed	Plans/storage-plan.md:514-548	Plans/Contracts_V0.md:2912|Plans/storage-plan.md:524|Plans/storage_value_registry.json:5179|Plans/orchestrator-subagent-integration.md:3781|Plans/Contracts_V0.md:2917-2949|Plans/storage-plan.md:514-548|Plans/storage-plan.md:508|Plans/storage_value_registry.json:5233-5287|Plans/storage_value_registry.json:302-315|Plans/storage_value_registry.json:5318
coordination.agent_file_ownership_updated	Plans/storage-plan.md:514-548	Plans/Contracts_V0.md:2910|Plans/storage-plan.md:522|Plans/storage_value_registry.json:5179|Plans/orchestrator-subagent-integration.md:3779|Plans/Contracts_V0.md:2917-2949|Plans/storage-plan.md:514-548|Plans/storage-plan.md:508|Plans/storage_value_registry.json:5233-5287|Plans/storage_value_registry.json:302-315|Plans/storage_value_registry.json:5318
coordination.agent_operation_updated	Plans/storage-plan.md:514-548	Plans/Contracts_V0.md:2909|Plans/storage-plan.md:521|Plans/storage_value_registry.json:5179|Plans/orchestrator-subagent-integration.md:3778|Plans/Contracts_V0.md:2917-2949|Plans/storage-plan.md:514-548|Plans/storage-plan.md:508|Plans/storage_value_registry.json:5233-5287|Plans/storage_value_registry.json:302-315|Plans/storage_value_registry.json:5318
coordination.agent_registered	Plans/storage-plan.md:514-548	Plans/storage-plan.md:519|Plans/storage_value_registry.json:5179|Plans/orchestrator-subagent-integration.md:3773|Plans/orchestrator-subagent-integration.md:3776|Plans/Contracts_V0.md:2917-2949|Plans/storage-plan.md:514-548|Plans/storage-plan.md:508|Plans/storage_value_registry.json:5233-5287|Plans/storage_value_registry.json:302-315|Plans/storage_value_registry.json:5318
coordination.agent_status_updated	Plans/storage-plan.md:514-548	Plans/Contracts_V0.md:2908|Plans/storage-plan.md:520|Plans/storage_value_registry.json:5179|Plans/orchestrator-subagent-integration.md:3777|Plans/Contracts_V0.md:2917-2949|Plans/storage-plan.md:514-548|Plans/storage-plan.md:508|Plans/storage_value_registry.json:5233-5287|Plans/storage_value_registry.json:302-315|Plans/storage_value_registry.json:5318
coordination.agent_unregistered	Plans/storage-plan.md:514-548	Plans/Contracts_V0.md:2911|Plans/Contracts_V0.md:2919-2949|Plans/storage-plan.md:516-548|Plans/orchestrator-subagent-integration.md:3780,4029-4031
coordination.debug_mirror_exported	Plans/storage-plan.md:516-526	Plans/event_family_registry.json:1-8|Plans/Contracts_V0.md:2914|Plans/Contracts_V0.md:2938-2951|Plans/Contracts_V0.md:19929-19931|Plans/storage-plan.md:508,516-548|Plans/orchestrator-subagent-integration.md:3775-3809
crew.board_message_posted		Plans/Contracts_V0.md:2936|Plans/Contracts_V0.md:2953-2969|Plans/orchestrator-subagent-integration.md:3813-3869|Plans/orchestrator-subagent-integration.md:4601-4606
crew.board_message_read		Plans/Contracts_V0.md:2959|Plans/Contracts_V0.md:2953-2970|Plans/orchestrator-subagent-integration.md:3813-3869|Plans/orchestrator-subagent-integration.md:4665-4670
crew.board_messages_archived		Plans/Contracts_V0.md:2938|Plans/Contracts_V0.md:2953-2971|Plans/orchestrator-subagent-integration.md:3865-3873,4581-4587|Plans/orchestrator-subagent-integration.md:4673-4675
crew.completed		Plans/Contracts_V0.md:2953-2972|Plans/Contracts_V0.md:2975|Plans/.audits/event-authority-2026-08-12/cohort-pins/EVENT_TO_COHORTS.json:227-229
crew.coordination		Plans/Contracts_V0.md:2953-2968|Plans/Contracts_V0.md:2975|Plans/.audits/event-authority-2026-08-12/cohort-pins/EVENT_TO_COHORTS.json:230-232
crew.disbanded		Plans/Contracts_V0.md:2953-2973|Plans/Contracts_V0.md:2975|Plans/.audits/event-authority-2026-08-12/cohort-pins/EVENT_TO_COHORTS.json:233-235
crew.formed		Plans/Contracts_V0.md:2953-2965|Plans/Contracts_V0.md:2975|Plans/.audits/event-authority-2026-08-12/cohort-pins/EVENT_TO_COHORTS.json:236-238
crew.member_added		Plans/Contracts_V0.md:2953-2966|Plans/Contracts_V0.md:2975|Plans/.audits/event-authority-2026-08-12/cohort-pins/EVENT_TO_COHORTS.json:239-241
crew.member_removed		Plans/Contracts_V0.md:2953-2967|Plans/Contracts_V0.md:2975|Plans/.audits/event-authority-2026-08-12/cohort-pins/EVENT_TO_COHORTS.json:242-244
dashboard.widget_added		Plans/UI_Command_Catalog.md:8015|Plans/Wiring_Matrix.production.json:6942-7002|Plans/.audits/event-authority-2026-08-12/cohort-pins/EVENT_TO_COHORTS.json:245-247
debug.investigation.context_item_added		Plans/Contracts_V0.md:1490|Plans/Contracts_V0.md:1497|Plans/Contracts_V0.md:1519|Plans/Contracts_V0.md:1521-1537|Plans/Contracts_V0.md:1541-1546
debug.investigation.context_item_state_changed		Plans/Contracts_V0.md:1490|Plans/Contracts_V0.md:1498|Plans/Contracts_V0.md:1520|Plans/Contracts_V0.md:1521-1537|Plans/Contracts_V0.md:1541-1546|Plans/event_family_registry.json:3-8
debug.investigation.exported		Plans/Contracts_V0.md:1490|Plans/Contracts_V0.md:1501|Plans/Contracts_V0.md:1523|Plans/Contracts_V0.md:1521-1537|Plans/Contracts_V0.md:1541-1546|Plans/Runtime_Artifacts_Panel.md:236-240
debug.investigation.imported		Plans/Contracts_V0.md:1490|Plans/Contracts_V0.md:1502|Plans/Contracts_V0.md:1524|Plans/Contracts_V0.md:1521-1537|Plans/Contracts_V0.md:1541-1546|Plans/Runtime_Artifacts_Panel.md:236-240
debug.investigation.instrumentation_state_changed		Plans/Contracts_V0.md:1490|Plans/Contracts_V0.md:1499|Plans/Contracts_V0.md:1521|Plans/Contracts_V0.md:1521-1537|Plans/Contracts_V0.md:1541-1546|Plans/event_family_registry.json:3-8
debug.investigation.started		Plans/Contracts_V0.md:1490|Plans/Contracts_V0.md:1494|Plans/Contracts_V0.md:1516|Plans/Contracts_V0.md:1521-1537|Plans/Contracts_V0.md:1541-1546
debug.investigation.state_changed		Plans/Contracts_V0.md:1490|Plans/Contracts_V0.md:1495|Plans/Contracts_V0.md:1517|Plans/Contracts_V0.md:1521-1539|Plans/Contracts_V0.md:1541-1546|Plans/event_family_registry.json:3-8
debug.investigation.target_bound		Plans/Contracts_V0.md:1490|Plans/Contracts_V0.md:1496|Plans/Contracts_V0.md:1518|Plans/Contracts_V0.md:1521-1537|Plans/Contracts_V0.md:1541-1546|Plans/event_family_registry.json:3-8
debug.investigation.verification_recorded		Plans/Contracts_V0.md:1490|Plans/Contracts_V0.md:1500|Plans/Contracts_V0.md:1522|Plans/Contracts_V0.md:1523-1534|Plans/Contracts_V0.md:1541-1546
dev.session.restarting		Plans/UI_Command_Catalog.md:901
dev.session.started		Plans/UI_Command_Catalog.md:899,901
dev.session.stopped		Plans/UI_Command_Catalog.md:900
dev.session.stopping		Plans/UI_Command_Catalog.md:900
doctor.custom_headless.checked		Plans/newtools.md:498-509|Plans/newtools.md:503-509
file.copied		Plans/UI_Command_Catalog.md:355
file.created		Plans/UI_Command_Catalog.md:348
file.deleted		Plans/UI_Command_Catalog.md:351
file.exported		Plans/UI_Command_Catalog.md:357
file.moved		Plans/UI_Command_Catalog.md:355|Plans/Wiring_Matrix.production.json:12823-12841|Plans/Wiring_Matrix.production.json:12863-12873
file.renamed		Plans/UI_Command_Catalog.md:350|Plans/Wiring_Matrix.production.json:12879-12882|Plans/Wiring_Matrix.production.json:12894-12900|Plans/Wiring_Matrix.production.json:12929-12935
filesafe.command_denied		Plans/FileSafe.md:111|Plans/FileSafe.md:1130|Plans/Contracts_V0.md:2461|Plans/Contracts_V0.md:2494
filesafe.destructive_override_denied		Plans/FileSafe.md:1134|Plans/Contracts_V0.md:2465|Plans/Contracts_V0.md:2498
filesafe.destructive_override_granted		Plans/FileSafe.md:1133|Plans/Contracts_V0.md:2464|Plans/Contracts_V0.md:2497
filesafe.destructive_override_requested		Plans/FileSafe.md:1132|Plans/Contracts_V0.md:2463|Plans/Contracts_V0.md:2496
filesafe.guard_init_failed		Plans/FileSafe.md:1024|Plans/FileSafe.md:1129|Plans/Contracts_V0.md:2460|Plans/Contracts_V0.md:2493
filesafe.path_denied		Plans/FileSafe.md:1131|Plans/FileSafe.md:1417|Plans/Contracts_V0.md:2462|Plans/Contracts_V0.md:2495
filesafe.policy_degraded		Plans/FileSafe.md:1007|Plans/FileSafe.md:1135|Plans/Contracts_V0.md:2466|Plans/Contracts_V0.md:2499|Plans/Contracts_V0.md:2516|Plans/event_family_registry.json:3-8
folder.copied		Plans/UI_Command_Catalog.md:355|Plans/Wiring_Matrix.production.json:12823-12841|Plans/Wiring_Matrix.production.json:12863-12873
folder.created		Plans/UI_Command_Catalog.md:349
folder.deleted		Plans/UI_Command_Catalog.md:351|Plans/Wiring_Matrix.production.json:12525-12548
folder.exported		Plans/UI_Command_Catalog.md:357|Plans/Wiring_Matrix.production.json:12938-12959|Plans/Wiring_Matrix.production.json:12979-12990
folder.moved		Plans/UI_Command_Catalog.md:355|Plans/Wiring_Matrix.production.json:12821-12843|Plans/Wiring_Matrix.production.json:12862-12873
folder.renamed		Plans/UI_Command_Catalog.md:350|Plans/Wiring_Matrix.production.json:12876-12899
format.applied		Plans/Formatters_System.md:69|Plans/Formatters_System.md:83|Plans/Formatters_System.md:66-77|Plans/Formatters_System.md:264-268|Plans/Formatters_System.md:62|Plans/Formatters_System.md:69-78|Plans/Formatters_System.md:268|Plans/event_family_registry.json:3-8
gate.evaluation_started	Plans/Contracts_V0.md:6883-6900	Plans/Contracts_V0.md:941|Plans/Contracts_V0.md:6883-6900
gate.failed	Plans/Contracts_V0.md:6883-6900	Plans/Contracts_V0.md:943|Plans/Contracts_V0.md:6883-6900
gate.passed	Plans/Contracts_V0.md:6883-6900	Plans/Contracts_V0.md:942|Plans/Contracts_V0.md:6883-6900
git.clone.completed		Plans/UI_Command_Catalog.md:334|Plans/Wiring_Matrix.production.json:21656-21681
live.artifact.created	Plans/newtools.md:5946-5948	Plans/newtools.md:5946-5948
live.session.completed	Plans/newtools.md:5946-5948	Plans/newtools.md:5946-5948|Plans/newtools.md:724
live.session.degraded	Plans/newtools.md:5946-5948	Plans/newtools.md:845-853|Plans/newtools.md:5946-5976|Plans/newtools.md:5946-5948
live.session.started		Plans/newtools.md:846|Plans/newtools.md:717-719|Plans/newtools.md:845-851
live.step.updated	Plans/newtools.md:5946-5948	Plans/newtools.md:845-853|Plans/newtools.md:5946-5976|Plans/newtools.md:5946-5948
lsp.server.lifecycle_changed		Plans/Contracts_V0.md:913-932|Plans/LSPSupport.md:655-674|Plans/Contracts_V0.md:935|Plans/Contracts_V0.md:930,946|Plans/Contracts_V0.md:957
memory.dedup_sweep.completed		Plans/UI_Wiring_Rules.md:503|Plans/UI_Command_Catalog.md:1126|Plans/UI_Command_Catalog.md:1101|Plans/UI_Wiring_Rules.md:492-506
memory.dedup_sweep.started		Plans/UI_Wiring_Rules.md:503|Plans/UI_Command_Catalog.md:1126|Plans/UI_Command_Catalog.md:1101|Plans/UI_Wiring_Rules.md:492-506
memory.gist.discarded		Plans/UI_Wiring_Rules.md:503|Plans/UI_Command_Catalog.md:1120|Plans/UI_Command_Catalog.md:1095|Plans/UI_Wiring_Rules.md:492-506
memory.gist.pinned		Plans/UI_Wiring_Rules.md:503|Plans/UI_Command_Catalog.md:1119|Plans/UI_Command_Catalog.md:1094|Plans/UI_Wiring_Rules.md:492-506
memory.gist.unpinned		Plans/UI_Wiring_Rules.md:503-505|Plans/UI_Command_Catalog.md:1094|Input shard command-catalog line anchor
memory.gist.updated		Plans/UI_Wiring_Rules.md:503-505|Plans/UI_Command_Catalog.md:1093|Input shard command-catalog line anchor
memory.gist.verification_failed		Plans/UI_Wiring_Rules.md:503-505|Plans/UI_Command_Catalog.md:1092
memory.gist.verification_requested		Plans/UI_Wiring_Rules.md:503-505|Plans/UI_Command_Catalog.md:1092
memory.gist.verified		Plans/UI_Wiring_Rules.md:503-505|Plans/UI_Command_Catalog.md:1092
memory.gist_state_changed	Plans/Contracts_V0.md:965	Plans/Contracts_V0.md:928-948|Plans/Contracts_V0.md:959-965|Plans/assistant-memory-subsystem.md:235,251-293|Input shard Contracts/Assistant Memory anchors
memory.index.lexical.rebuild.completed		Plans/UI_Wiring_Rules.md:503-505|Plans/UI_Command_Catalog.md:1098
memory.index.lexical.rebuild.started		Plans/UI_Wiring_Rules.md:503-505|Plans/UI_Command_Catalog.md:1098
memory.index.semantic.rebuild.completed		Plans/UI_Wiring_Rules.md:503-505|Plans/UI_Command_Catalog.md:1099
memory.index.semantic.rebuild.started		Plans/UI_Wiring_Rules.md:503-505|Plans/UI_Command_Catalog.md:1099
memory.monthly_summary.completed		Plans/UI_Command_Catalog.md:1102|Plans/Wiring_Matrix.production.json:4468-4486|Plans/Wiring_Matrix.production.json:4508-4518
memory.monthly_summary.started		Plans/UI_Command_Catalog.md:1102|Plans/Wiring_Matrix.production.json:4468-4486|Plans/Wiring_Matrix.production.json:4508-4518
memory.prune_archive.completed		Plans/UI_Command_Catalog.md:1103|Plans/Wiring_Matrix.production.json:4303-4321|Plans/Wiring_Matrix.production.json:4343-4353
memory.prune_archive.started		Plans/UI_Command_Catalog.md:1103|Plans/Wiring_Matrix.production.json:4303-4321|Plans/Wiring_Matrix.production.json:4343-4353
memory.verification_sweep.completed		Plans/UI_Command_Catalog.md:1100|Plans/Wiring_Matrix.production.json:4578-4596|Plans/Wiring_Matrix.production.json:4618-4628
memory.verification_sweep.started		Plans/UI_Command_Catalog.md:1100|Plans/Wiring_Matrix.production.json:4578-4596|Plans/Wiring_Matrix.production.json:4618-4628
model.catalog_refreshed		Plans/UI_Command_Catalog.md:8007|Plans/Wiring_Matrix.production.json:16528-16550|Plans/Wiring_Matrix.production.json:16581-16587
node.blocked		Plans/Contracts_V0.md:2350-2373|Plans/Contracts_V0.md:2659-2668|Plans/Contracts_V0.md:2710-2712|Plans/Wiring_Matrix.md:278-281
node.completed		Plans/Contracts_V0.md:928-940
node.started		Plans/Contracts_V0.md:928-940
node.unblocked		Plans/Contracts_V0.md:2355|Plans/UI_Command_Catalog.md:8038|Plans/Contracts_V0.md:2364|Plans/Contracts_V0.md:2375-2390|Plans/UI_Command_Catalog.md:8026|Plans/Wiring_Matrix.md:278-281
onboarding.free_models_refresh_retried		Plans/UI_Command_Catalog.md:8018|Plans/Wiring_Matrix.production.json:17344-17368|Plans/Wiring_Matrix.production.json:17397-17403
onboarding.free_models_refreshed		Plans/UI_Command_Catalog.md:8017|Plans/Wiring_Matrix.production.json:17282-17305|Plans/Wiring_Matrix.production.json:17335-17341
onboarding.provider_setup_opened		Plans/UI_Command_Catalog.md:8019|Plans/Wiring_Matrix.production.json:17461-17484|Plans/Wiring_Matrix.production.json:17514-17520
panel.redocked		Plans/UI_Command_Catalog.md:8012|Plans/Wiring_Matrix.production.json:19360-19383|Plans/Wiring_Matrix.production.json:19413-19419
panel.undocked		Plans/UI_Wiring_Rules.md:503|Plans/UI_Command_Catalog.md:8036|Plans/UI_Command_Catalog.md:8011|Plans/Wiring_Matrix.production.json:19482-19536|Plans/Wiring_Matrix.production.json:19477-19536|Plans/event_family_registry.json:4-8
parser.error		Plans/orchestrator-subagent-integration.md:1222|Plans/orchestrator-subagent-integration.md:1221-1226
persona.created		Plans/UI_Wiring_Rules.md:503|Plans/UI_Command_Catalog.md:8013|Plans/UI_Command_Catalog.md:7988,7992|Plans/Wiring_Matrix.production.json:19544-19722|Plans/Wiring_Matrix.production.json:19539-19723|Plans/event_family_registry.json:4-8
persona.deleted		Plans/UI_Wiring_Rules.md:503|Plans/UI_Command_Catalog.md:8015|Plans/UI_Command_Catalog.md:7990|Plans/Wiring_Matrix.production.json:19606-19660|Plans/Wiring_Matrix.production.json:19601-19661|Plans/event_family_registry.json:4-8
persona.exported		Plans/UI_Wiring_Rules.md:503|Plans/UI_Command_Catalog.md:8019|Plans/UI_Command_Catalog.md:7994|Plans/Wiring_Matrix.production.json:19730-19784|Plans/Wiring_Matrix.production.json:19725-19785|Plans/event_family_registry.json:4-8
persona.imported		Plans/UI_Wiring_Rules.md:503|Plans/UI_Command_Catalog.md:8018|Plans/UI_Command_Catalog.md:7993|Plans/Wiring_Matrix.production.json:19792-19846|Plans/Wiring_Matrix.production.json:19787-19847|Plans/event_family_registry.json:4-8
persona.selected		Plans/UI_Wiring_Rules.md:503|Plans/UI_Command_Catalog.md:8016|Plans/UI_Command_Catalog.md:7991|Plans/Wiring_Matrix.production.json:19854-19908|Plans/Wiring_Matrix.production.json:19849-19909|Plans/event_family_registry.json:4-8
persona.updated		Plans/UI_Wiring_Rules.md:503|Plans/UI_Command_Catalog.md:8014|Plans/UI_Command_Catalog.md:7989|Plans/Wiring_Matrix.production.json:19916-19970|Plans/Wiring_Matrix.production.json:19911-19971|Plans/event_family_registry.json:4-8
phase.force_completed		Plans/orchestrator-subagent-integration.md:1441|Plans/orchestrator-subagent-integration.md:1439-1443
plan.decomposition_degraded		Plans/Contracts_V0.md:2551-2559|Plans/Contracts_V0.md:2562-2570|Plans/Contracts_V0.md:2603-2606|Plans/Wiring_Matrix.md:296-298
plugin.hook.blocked	Plans/Plugins_System.md:461-464	Plans/Plugins_System.md:447-464|Plans/Plugins_System.md:590-604
plugin.hook.error	Plans/Plugins_System.md:461-467	Plans/Plugins_System.md:447-464|Plans/event_family_registry.json:3-8
plugin.hook.invoked	Plans/Plugins_System.md:461-467	Plans/Plugins_System.md:447-464|Plans/event_family_registry.json:3-8
plugin.load_failed	Plans/Plugins_System.md:461-467	Plans/Plugins_System.md:447-464|Plans/event_family_registry.json:3-8
plugin.loaded	Plans/Plugins_System.md:447-464	Plans/Plugins_System.md:447-464
plugin.permission.override	Plans/Plugins_System.md:447-464	Plans/Plugins_System.md:447-464
plugin.tool.collision	Plans/Plugins_System.md:447-464	Plans/Plugins_System.md:447-464
plugin.tool.registered	Plans/Plugins_System.md:447-464	Plans/Plugins_System.md:447-464
preview.session.refreshed		Plans/storage-plan.md:1267-1285|Plans/storage-plan.md:8701-8747
preview.session.started		Plans/storage-plan.md:1268|Plans/storage-plan.md:8736|Plans/event_family_registry.json:5-8
preview.session.stopped		Plans/storage-plan.md:1269|Plans/storage-plan.md:8737|Plans/event_family_registry.json:5-8
project.added		Plans/UI_Command_Catalog.md:319|Plans/UI_Wiring_Rules.md:503|Plans/UI_Command_Catalog.md:332
project.created		Plans/UI_Command_Catalog.md:319|Plans/UI_Command_Catalog.md:333-334|Plans/UI_Wiring_Rules.md:492-506
remediation.resolved		Plans/Contracts_V0.md:2507|Plans/Contracts_V0.md:2518|Plans/Contracts_V0.md:2529|Plans/Contracts_V0.md:2540-2558|Plans/Executor_Protocol.md:537-547|Plans/Wiring_Matrix.md:290-293
remediation.spawned		Plans/Contracts_V0.md:2490|Plans/Executor_Protocol.md:537|Plans/Contracts_V0.md:2512|Plans/Contracts_V0.md:2523-2538
requirements.clarification_requested		Plans/Contracts_V0.md:1435|Plans/Progression_Gates.md:468|Plans/Contracts_V0.md:1446|Plans/event_family_registry.json:4-8
run.background_enqueued		Plans/storage-plan.md:1586|Plans/event_family_registry.json:4-8
run.completed		Plans/Contracts_V0.md:903|Plans/Run_Modes.md:332|Plans/Provider_OpenCode.md:638-645|Plans/Provider_OpenCode.md:2830-2873|Plans/Contracts_V0.md:935-936|Plans/Provider_OpenCode.md:653
run.graph_integrity_failed		Plans/Contracts_V0.md:2561-2569|Plans/Contracts_V0.md:2572-2578|Plans/Wiring_Matrix.md:332-334
run.node_backoff_expired		Plans/Contracts_V0.md:2393-2399|Plans/Contracts_V0.md:2404-2410|Plans/DRY_Rules.md:70|Plans/event_family_registry.json:4-8
run.node_backoff_started		Plans/Contracts_V0.md:2383-2391|Plans/Contracts_V0.md:2394-2402|Plans/DRY_Rules.md:70
run.node_ready		Plans/Contracts_V0.md:2330-2337|Plans/Contracts_V0.md:2341-2348|Plans/DRY_Rules.md:70
run.node_retry_scheduled		Plans/Contracts_V0.md:2401-2409|Plans/Contracts_V0.md:2412-2420|Plans/DRY_Rules.md:70
runtime_artifact.api_web_call	Plans/Runtime_Artifacts_Panel.md:300-304	Plans/Runtime_Artifacts_Panel.md:71|Plans/Runtime_Artifacts_Panel.md:296|Plans/Runtime_Artifacts_Panel.md:2025|Plans/Runtime_Artifacts_Panel.md:2029|Plans/Runtime_Artifacts_Panel.md:285-304|Plans/Runtime_Artifacts_Panel.md:2031-2035|Plans/runtime_artifact_api_web_call.schema.json:1-107
runtime_artifact.artifact_version	Plans/Runtime_Artifacts_Panel.md:300-304	Plans/Runtime_Artifacts_Panel.md:72|Plans/Runtime_Artifacts_Panel.md:296|Plans/Runtime_Artifacts_Panel.md:2025|Plans/Runtime_Artifacts_Panel.md:2029|Plans/Runtime_Artifacts_Panel.md:292-304|Plans/Runtime_Artifacts_Panel.md:2031-2035|Plans/runtime_artifact_artifact_version.schema.json:1
runtime_artifact.before_after_snapshot	Plans/Runtime_Artifacts_Panel.md:290-305	Plans/Runtime_Artifacts_Panel.md:69|Plans/Runtime_Artifacts_Panel.md:49-51|Plans/Runtime_Artifacts_Panel.md:290-305|Plans/runtime_artifact_before_after_snapshot.schema.json|Plans/Runtime_Artifacts_Panel.md:298,314|Plans/Runtime_Artifacts_Panel.md:526|Plans/event_family_registry.json
runtime_artifact.browser_recording	Plans/Runtime_Artifacts_Panel.md:290-305	Plans/Runtime_Artifacts_Panel.md:62|Plans/Runtime_Artifacts_Panel.md:49-51|Plans/Runtime_Artifacts_Panel.md:290-305|Plans/runtime_artifact_browser_recording.schema.json|Plans/Runtime_Artifacts_Panel.md:298,314|Plans/Runtime_Artifacts_Panel.md:526|Plans/event_family_registry.json
runtime_artifact.code_diff	Plans/Runtime_Artifacts_Panel.md:290-305	Plans/Runtime_Artifacts_Panel.md:54|Plans/Runtime_Artifacts_Panel.md:49-51|Plans/Runtime_Artifacts_Panel.md:290-305|Plans/runtime_artifact_code_diff.schema.json|Plans/Runtime_Artifacts_Panel.md:298,314|Plans/Runtime_Artifacts_Panel.md:526|Plans/event_family_registry.json
runtime_artifact.context_snapshot	Plans/Runtime_Artifacts_Panel.md:290-305	Plans/Runtime_Artifacts_Panel.md:64|Plans/Runtime_Artifacts_Panel.md:49-51|Plans/Runtime_Artifacts_Panel.md:290-305|Plans/runtime_artifact_context_snapshot.schema.json|Plans/Runtime_Artifacts_Panel.md:298,314|Plans/Runtime_Artifacts_Panel.md:526|Plans/event_family_registry.json
runtime_artifact.cost_usage		Plans/Runtime_Artifacts_Panel.md:65|Plans/Runtime_Artifacts_Panel.md:49-51|Plans/Runtime_Artifacts_Panel.md:290-305|Plans/runtime_artifact_cost_usage.schema.json|Plans/Runtime_Artifacts_Panel.md:298,314|Plans/Runtime_Artifacts_Panel.md:526|Plans/event_family_registry.json|Plans/runtime_artifact_cost_usage.schema.json:238,684-690|Plans/Runtime_Artifacts_Panel.md:294-304
runtime_artifact.document		Plans/Runtime_Artifacts_Panel.md:60|Plans/Runtime_Artifacts_Panel.md:49-51|Plans/Runtime_Artifacts_Panel.md:290-305|Plans/runtime_artifact_document.schema.json|Plans/Runtime_Artifacts_Panel.md:298,314|Plans/Runtime_Artifacts_Panel.md:526|Plans/event_family_registry.json|Plans/runtime_artifact_document.schema.json:1|Plans/Runtime_Artifacts_Panel.md:294-304
runtime_artifact.evidence		Plans/Runtime_Artifacts_Panel.md:59|Plans/Runtime_Artifacts_Panel.md:49-51|Plans/Runtime_Artifacts_Panel.md:290-305|Plans/runtime_artifact_evidence.schema.json|Plans/Runtime_Artifacts_Panel.md:298,314|Plans/Runtime_Artifacts_Panel.md:526|Plans/event_family_registry.json|Plans/runtime_artifact_evidence.schema.json:1|Plans/Runtime_Artifacts_Panel.md:294-304
runtime_artifact.failed_attempts		Plans/Runtime_Artifacts_Panel.md:67|Plans/Runtime_Artifacts_Panel.md:49-51|Plans/Runtime_Artifacts_Panel.md:290-305|Plans/runtime_artifact_failed_attempts.schema.json|Plans/Runtime_Artifacts_Panel.md:298,314|Plans/Runtime_Artifacts_Panel.md:526|Plans/event_family_registry.json|Plans/runtime_artifact_failed_attempts.schema.json:1|Plans/Runtime_Artifacts_Panel.md:294-304
runtime_artifact.hitl_approval		Plans/Runtime_Artifacts_Panel.md:66|Plans/Runtime_Artifacts_Panel.md:49-51|Plans/Runtime_Artifacts_Panel.md:290-305|Plans/runtime_artifact_hitl_approval.schema.json|Plans/Runtime_Artifacts_Panel.md:298,314|Plans/Runtime_Artifacts_Panel.md:526|Plans/event_family_registry.json|Plans/runtime_artifact_hitl_approval.schema.json:1|Plans/Runtime_Artifacts_Panel.md:294-304
runtime_artifact.implementation_plan		Plans/Runtime_Artifacts_Panel.md:55|Plans/Runtime_Artifacts_Panel.md:49-51|Plans/Runtime_Artifacts_Panel.md:290-305|Plans/runtime_artifact_implementation_plan.schema.json|Plans/Runtime_Artifacts_Panel.md:298,314|Plans/Runtime_Artifacts_Panel.md:526|Plans/event_family_registry.json|Plans/runtime_artifact_implementation_plan.schema.json:1|Plans/Runtime_Artifacts_Panel.md:294-304
runtime_artifact.reasoning_summary	Plans/Runtime_Artifacts_Panel.md:292-304	Plans/Runtime_Artifacts_Panel.md:56|Plans/Runtime_Artifacts_Panel.md:49-51|Plans/Runtime_Artifacts_Panel.md:292-304|Plans/Runtime_Artifacts_Panel.md:2031-2035|Plans/runtime_artifact_reasoning_summary.schema.json:1|Plans/Runtime_Artifacts_Panel.md:296|Plans/Runtime_Artifacts_Panel.md:2025|Plans/Runtime_Artifacts_Panel.md:2029-2035
runtime_artifact.restore_point	Plans/Runtime_Artifacts_Panel.md:292-304	Plans/event_family_registry.json:1-8|Plans/Runtime_Artifacts_Panel.md:49-61,292-304|Plans/runtime_artifact_restore_point.schema.json:1-1026|Plans/Runtime_Artifacts_Panel.md:2025-2058|Plans/storage-plan.md:1198-1225
runtime_artifact.screenshot	Plans/Runtime_Artifacts_Panel.md:292-304	Plans/Runtime_Artifacts_Panel.md:58|Plans/Runtime_Artifacts_Panel.md:49-51|Plans/Runtime_Artifacts_Panel.md:292-304|Plans/Runtime_Artifacts_Panel.md:2031-2035|Plans/runtime_artifact_screenshot.schema.json:1|Plans/Runtime_Artifacts_Panel.md:296|Plans/Runtime_Artifacts_Panel.md:2025|Plans/Runtime_Artifacts_Panel.md:2029-2035
runtime_artifact.subagent_lineage	Plans/Runtime_Artifacts_Panel.md:292-304	Plans/Runtime_Artifacts_Panel.md:68|Plans/Runtime_Artifacts_Panel.md:49-51|Plans/Runtime_Artifacts_Panel.md:292-304|Plans/Runtime_Artifacts_Panel.md:2031-2035|Plans/runtime_artifact_subagent_lineage.schema.json:1|Plans/Runtime_Artifacts_Panel.md:296|Plans/Runtime_Artifacts_Panel.md:2025|Plans/Runtime_Artifacts_Panel.md:2029-2035
runtime_artifact.suggested_next_steps	Plans/Runtime_Artifacts_Panel.md:292-304	Plans/Runtime_Artifacts_Panel.md:70|Plans/Runtime_Artifacts_Panel.md:49-51|Plans/Runtime_Artifacts_Panel.md:292-304|Plans/Runtime_Artifacts_Panel.md:2031-2035|Plans/runtime_artifact_suggested_next_steps.schema.json:1|Plans/Runtime_Artifacts_Panel.md:296|Plans/Runtime_Artifacts_Panel.md:2025|Plans/Runtime_Artifacts_Panel.md:2029-2035
runtime_artifact.tool_llm_trace	Plans/Runtime_Artifacts_Panel.md:300-304	Plans/Runtime_Artifacts_Panel.md:63|Plans/Runtime_Artifacts_Panel.md:285-296|Plans/runtime_artifact_tool_llm_trace.schema.json:1-391|Plans/Runtime_Artifacts_Panel.md:2013-2017|Plans/Runtime_Artifacts_Panel.md:2031-2035|Plans/Runtime_Artifacts_Panel.md:296|Plans/Runtime_Artifacts_Panel.md:2025|Plans/Runtime_Artifacts_Panel.md:2029-2035
runtime_artifact.validation_test	Plans/Runtime_Artifacts_Panel.md:292-304	Plans/Runtime_Artifacts_Panel.md:57|Plans/Runtime_Artifacts_Panel.md:49-51|Plans/Runtime_Artifacts_Panel.md:292-304|Plans/Runtime_Artifacts_Panel.md:2031-2035|Plans/runtime_artifact_validation_test.schema.json:1|Plans/Runtime_Artifacts_Panel.md:296|Plans/Runtime_Artifacts_Panel.md:2025|Plans/Runtime_Artifacts_Panel.md:2029-2035
safe_point.created	Plans/Contracts_V0.md:2481-2483	Plans/Contracts_V0.md:2391|Plans/Contracts_V0.md:2424-2448|Plans/Contracts_V0.md:2481-2483|Plans/Contracts_V0.md:2670-2679|Plans/storage_value_registry.json:6665-6707|Plans/Executor_Protocol.md:521|Plans/Contracts_V0.md:527
safe_point.restored	Plans/Contracts_V0.md:2481-2483	Plans/event_family_registry.json:1-8|Plans/Contracts_V0.md:2417|Plans/Contracts_V0.md:2450-2483|Plans/UI_Command_Catalog.md:8435-8453,8547-8553|Plans/Contracts_V0.md:2670-2679|Plans/Wiring_Matrix.md:284-286|Plans/storage-plan.md:1545-1547|Plans/Automated_Testing_System.md:1998-2006|Plans/storage_value_registry.json:6891-6894
scheduler.pass		Plans/Contracts_V0.md:2282|Plans/Contracts_V0.md:2315-2339|Plans/Executor_Protocol.md:323-325|Plans/Executor_Protocol.md:367-372|Plans/Executor_Protocol.md:7125-7129|Plans/UI_Command_Catalog.md:8014|Plans/UI_Command_Catalog.md:8026|Plans/UI_Wiring_Rules.md:503
settings.theme.updated		Plans/UI_Wiring_Rules.md:503|Plans/UI_Command_Catalog.md:8008|Plans/UI_Command_Catalog.md:7983-7987|Plans/Wiring_Matrix.production.json:26072-26131
settings.updated		Plans/UI_Wiring_Rules.md:503|Plans/UI_Command_Catalog.md:1121|Plans/UI_Command_Catalog.md:1096|Plans/Wiring_Matrix.production.json:23271-23325|Plans/Wiring_Matrix.production.json:23333-23387|Plans/Wiring_Matrix.production.json:23266-23325
subagent.budget_warning		Plans/Contracts_V0.md:2874-2887|Plans/Contracts_V0.md:2910|Plans/Contracts_V0.md:16304-16358
subagent.cancelled		Plans/Contracts_V0.md:2874-2887|Plans/Contracts_V0.md:2902|Plans/Contracts_V0.md:16304-16358
subagent.completed		Plans/Contracts_V0.md:2874-2887|Plans/Contracts_V0.md:2900|Plans/Contracts_V0.md:16304-16358
subagent.context_rehydrated		Plans/Contracts_V0.md:2874-2887|Plans/Contracts_V0.md:2989-2992
subagent.context_shrunk		Plans/Contracts_V0.md:2874-2887|Plans/Contracts_V0.md:2989-2992
subagent.context_warning		Plans/Contracts_V0.md:2874-2887|Plans/Contracts_V0.md:2905|Plans/Contracts_V0.md:16304-16358
subagent.escalated		Plans/Contracts_V0.md:2874-2887|Plans/Contracts_V0.md:2911|Plans/Contracts_V0.md:16304-16358
subagent.failed		Plans/Contracts_V0.md:2874-2887|Plans/Contracts_V0.md:2901|Plans/Contracts_V0.md:16304-16358
subagent.message_received		Plans/Contracts_V0.md:2874-2887|Plans/Contracts_V0.md:2899|Plans/Contracts_V0.md:16304-16358
subagent.message_sent		Plans/Contracts_V0.md:2874-2887|Plans/Contracts_V0.md:2898|Plans/Contracts_V0.md:1466
subagent.model_switched		Plans/Contracts_V0.md:2874-2887|Plans/Contracts_V0.md:2906|Plans/Contracts_V0.md:1466
subagent.output_truncated		Plans/Contracts_V0.md:2874-2887|Plans/Contracts_V0.md:2909|Plans/Contracts_V0.md:1466
subagent.paused		Plans/Contracts_V0.md:2874-2887|Plans/Contracts_V0.md:2907|Plans/Contracts_V0.md:1466
subagent.progress		Plans/Contracts_V0.md:2874-2887|Plans/Contracts_V0.md:2895|Plans/Contracts_V0.md:1466
subagent.resumed		Plans/Contracts_V0.md:2874-2887|Plans/Contracts_V0.md:2908|Plans/Contracts_V0.md:1466|Plans/Contracts_V0.md:2848-2855
subagent.retried		Plans/Contracts_V0.md:2874-2887|Plans/Contracts_V0.md:2904|Plans/Contracts_V0.md:1466|Plans/Contracts_V0.md:2848-2855
subagent.spawn_completed		Plans/Contracts_V0.md:2874-2887|Plans/Contracts_V0.md:2887|Plans/Contracts_V0.md:1466
subagent.spawn_requested		Plans/Contracts_V0.md:2874-2887|Plans/Contracts_V0.md:2887|Plans/Contracts_V0.md:1466
subagent.spawned		Plans/Contracts_V0.md:2860|Plans/Contracts_V0.md:2882|Plans/Contracts_V0.md:2874-2887|Plans/Contracts_V0.md:2893|Plans/Contracts_V0.md:2823-2842|Plans/Contracts_V0.md:2874-2893
subagent.started		Plans/Contracts_V0.md:2883|Plans/Contracts_V0.md:2874-2887|Plans/Contracts_V0.md:2894|Plans/Contracts_V0.md:2823-2842|Plans/Contracts_V0.md:2874-2894
subagent.timeout		Plans/Contracts_V0.md:2870|Plans/Contracts_V0.md:2892|Plans/Contracts_V0.md:2874-2887|Plans/Contracts_V0.md:2903|Plans/Contracts_V0.md:2823-2842|Plans/Contracts_V0.md:2874-2903
subagent.tool_called		Plans/Contracts_V0.md:2863|Plans/Contracts_V0.md:2885|Plans/Contracts_V0.md:2874-2887|Plans/Contracts_V0.md:2896|Plans/Contracts_V0.md:2823-2842|Plans/Contracts_V0.md:2874-2896
subagent.tool_completed		Plans/Contracts_V0.md:2886|Plans/Contracts_V0.md:2874-2887|Plans/Contracts_V0.md:2897|Plans/Contracts_V0.md:2823-2842
task.failed		Plans/assistant-chat-design.md:1372|Plans/assistant-chat-design.md:1370-1373|Plans/assistant-chat-design.md:8477-8509|Plans/Contracts_V0.md:895-903
tool.custom_headless.skipped		Plans/newtools.md:508|Plans/newtools.md:505-509|Plans/newtools.md:496-509
tool.denied		Plans/Architecture_Invariants.md:39|Plans/Contracts_V0.md:485|Plans/Contracts_V0.md:511|Plans/Contracts_V0.md:478|Plans/Contracts_V0.md:518-520|Plans/Tools.md:1080|Plans/Tools.md:1403|Plans/Provider_OpenCode.md:638-645|Plans/Provider_OpenCode.md:646-653|Plans/Provider_OpenCode.md:2830-2877|Plans/Contracts_V0.md:1450-1458|Plans/Tools.md:1401|Plans/Contracts_V0.md:1452-1458
tool.execution_completed		Plans/Contracts_V0.md:907|Plans/Contracts_V0.md:929|Plans/Contracts_V0.md:928-932|Plans/Contracts_V0.md:940|Plans/Contracts_V0.md:907-910
tool.execution_started		Plans/Contracts_V0.md:906|Plans/Contracts_V0.md:928|Plans/Contracts_V0.md:928-932|Plans/Contracts_V0.md:939|Plans/Contracts_V0.md:907-910
tool.invoked		Plans/Architecture_Invariants.md:39|Plans/Contracts_V0.md:485|Plans/Contracts_V0.md:487|Plans/Tools.md:1079|Plans/Tools.md:1403|Plans/Provider_OpenCode.md:638-645|Plans/Provider_OpenCode.md:646-653|Plans/Provider_OpenCode.md:2830-2873|Plans/storage-plan.md:1556-1562
usage.event		Plans/Provider_OpenCode.md:638-645|Plans/Provider_OpenCode.md:646-653|Plans/usage-feature.md:375-392|Plans/storage-plan.md:1555-1562|Plans/storage-plan.md:1593-1604|Plans/Contracts_V0.md:4321-4324|Plans/storage-plan.md:1556-1562|Plans/storage-plan.md:1556-1562
wizard.blocked		Plans/Contracts_V0.md:2583-2599|Plans/Contracts_V0.md:2601-2604|Plans/Wiring_Matrix.md:278-280|Plans/Contracts_V0.md:14637-14680
wizard.deferred_payload.loaded		Plans/UI_Command_Catalog.md:319|Plans/UI_Wiring_Rules.md:503|Plans/UI_Command_Catalog.md:336|Plans/UI_Command_Catalog.md:327-338
wizard.opened		Plans/UI_Command_Catalog.md:319|Plans/UI_Wiring_Rules.md:503|Plans/UI_Command_Catalog.md:336|Plans/UI_Command_Catalog.md:327-338
wizard.unblocked		Plans/Contracts_V0.md:2583-2588|Plans/Contracts_V0.md:2594-2604|Plans/Contracts_V0.md:2583-2593|Plans/Wiring_Matrix.md:276-281
worktree.created		Plans/Contracts_V0.md:911|Plans/WorktreeGitImprovement.md:219|Plans/WorktreeGitImprovement.md:214-220|Plans/Contracts_V0.md:944
worktree.deleted		Plans/Contracts_V0.md:912|Plans/WorktreeGitImprovement.md:218|Plans/WorktreeGitImprovement.md:219|Plans/WorktreeGitImprovement.md:223-225|Plans/Contracts_V0.md:945|Plans/Contracts_V0.md:945|Plans/WorktreeGitImprovement.md:217-220|Plans/Contracts_V0.md:945|Plans/WorktreeGitImprovement.md:217-219
