block,arm,original_phase,actual_phase,phase_scope,method,method_version,case,route,provider_role_overrides,original_attempt_status,final_disposition,complete_final_delivered,full_final_source_quality,original_assessor_grade,assessment_path,time_eligible,candidate_delivery_s,occupied_agent_s,independently_qualified_result_s,native_activation_observed_contexts,native_complete_observed_contexts,native_unknown_contexts,declared_product_contexts,actual_product_contexts,extra_product_occupied_s,undeclared_product_contexts,product_contexts,native_exact_terminal_times,billing,unstarted_reason
A-M01-A,control,A,A,A,M01,v1,S01,luna,{},STARTED,SOURCE_PASS_WITH_LIMITATIONS,True,PASS_WITH_LIMITATIONS,PASS_WITH_LIMITATIONS,evaluations/A-M01-A/assessment.json,False,2987.815,3351.227,4273.551,4,4,0,4,4,0,0,4,UNKNOWN,,
A-M01-A,treatment,A,A,A,M01,v1,S01,luna,{},FAILED_DELIVERY_PROTOCOL,NO_COMPLETE_FINAL,False,,NO_DELIVERY,evaluations/A-M01-A/assessment.json,,,60.95,,0,1,0,1,1,0,0,1,UNKNOWN,,
A-M01-B,control,A,A,A,M01,v1,S07,muse,{},STARTED,SOURCE_FAIL,True,FAIL,FAIL,evaluations/A-M01-B/assessment.json,True,1041.969,1162.037,,0,0,4,4,4,0,0,4,UNKNOWN,,
A-M01-B,treatment,A,A,A,M01,v1,S07,muse,{},STARTED,SOURCE_FAIL,True,FAIL,FAIL,evaluations/A-M01-B/assessment.json,True,1622.565,1200.603,,0,0,3,3,3,0,0,3,UNKNOWN,,
A-M02-A,control,A,A,A,M02,v1,S02,glm,{},INVALID_INFRASTRUCTURE_OVERDISPATCH,NO_COMPLETE_FINAL,False,,NO_DELIVERY,evaluations/A-M02-A/assessment.json,,,136.926,,0,0,1,1,1,0,0,1,UNKNOWN,,
A-M02-A,treatment,A,A,A,M02,v1,S02,glm,{},INVALID_INFRASTRUCTURE_OVERDISPATCH,NO_COMPLETE_FINAL,False,,NO_DELIVERY,evaluations/A-M02-A/assessment.json,,,135.602,,0,0,1,1,1,0,0,1,UNKNOWN,,
A-M02-B,control,A,A,A,M02,v1,S08,luna,{},STARTED,SOURCE_FAIL,True,FAIL,FAIL,evaluations/A-M02-B/assessment.json,False,3058.502,2654.462,,3,3,0,3,3,0,0,3,UNKNOWN,,
A-M02-B,treatment,A,A,A,M02,v1,S08,luna,{},STARTED,SOURCE_FAIL,True,FAIL,FAIL,evaluations/A-M02-B/assessment.json,False,3389.822,2772.599,,3,3,0,3,3,0,0,3,UNKNOWN,,
A-M03-A,control,A,A,A,M03,v1,S03,muse,{},STARTED,SOURCE_FAIL,True,FAIL,FAIL,evaluations/A-M03-A/assessment.json,True,1221.889,982.744,,0,0,3,3,3,0,0,3,UNKNOWN,,
A-M03-A,treatment,A,A,A,M03,v1,S03,muse,{},STARTED,SOURCE_FAIL,True,FAIL,FAIL,evaluations/A-M03-A/assessment.json,True,889.885,698.509,,0,0,2,2,2,0,0,2,UNKNOWN,,
A-M03-B,control,A,A,A,M03,v1,S09,glm,{},INVALID_INFRASTRUCTURE_OVERDISPATCH,NO_COMPLETE_FINAL,False,,NO_DELIVERY,evaluations/A-M03-B/assessment.json,,,135.966,,0,0,1,1,1,0,0,1,UNKNOWN,,
A-M03-B,treatment,A,A,A,M03,v1,S09,glm,{},INVALID_UNDECLARED_NATIVE_VERIFIER,NO_COMPLETE_FINAL,False,,HOLD,evaluations/A-M03-B/assessment.json,,,1614.258,,0,0,1,1,2,78.818,1,1,UNKNOWN,,
A-M04-A,control,A,A,A,M04,v1,S04,luna,{},STARTED,SOURCE_PASS_WITH_LIMITATIONS,True,PASS_WITH_LIMITATIONS,PASS_WITH_LIMITATIONS,evaluations/A-M04-A/assessment.json,True,1660.519,1179.7060000000001,3153.636,3,3,0,3,3,0,0,3,UNKNOWN,,
A-M04-A,treatment,A,A,A,M04,v1,S04,luna,{},STARTED,SOURCE_FAIL,True,FAIL,FAIL,evaluations/A-M04-A/assessment.json,True,1716.55,1406.917,,3,3,0,3,3,0,0,3,UNKNOWN,,
A-M04-B,control,A,A,A,M04,v1,S10,muse,{},STARTED,SOURCE_FAIL,True,FAIL,FAIL,evaluations/A-M04-B/assessment.json,True,1526.324,1153.963,,0,0,3,3,3,0,0,3,UNKNOWN,,
A-M04-B,treatment,A,A,A,M04,v1,S10,muse,{},STARTED,SOURCE_FAIL,True,FAIL,FAIL,evaluations/A-M04-B/assessment.json,True,1635.776,1230.421,,0,0,3,3,3,0,0,3,UNKNOWN,,
A-M05-A,control,A,A,A,M05,v1,S05,glm,{},STARTED,SOURCE_FAIL,True,FAIL,FAIL,evaluations/A-M05-A/assessment.json,False,3183.726,2920.6130000000003,,0,0,3,3,3,0,0,3,UNKNOWN,,
A-M05-A,treatment,A,A,A,M05,v1,S05,glm,{},STARTED,SOURCE_FAIL,True,FAIL,FAIL,evaluations/A-M05-A/assessment.json,False,3377.12,4084.8140000000003,,0,0,2,2,2,0,0,2,UNKNOWN,,
A-M05-B,control,A,A,A,M05,v1,S11,luna,{},STARTED,SOURCE_PASS_WITH_LIMITATIONS,True,PASS_WITH_LIMITATIONS,PASS_WITH_LIMITATIONS,evaluations/A-M05-B/assessment.json,True,2297.511,1924.577,3497.139,3,3,0,3,3,0,0,3,UNKNOWN,,
A-M05-B,treatment,A,A,A,M05,v1,S11,luna,{},STARTED,SOURCE_PASS_WITH_LIMITATIONS,True,PASS_WITH_LIMITATIONS,PASS_WITH_LIMITATIONS,evaluations/A-M05-B/assessment.json,True,1647.983,2245.442,3492.429,2,2,0,2,2,0,0,2,UNKNOWN,,
A-M06-A,control,A,A,A,M06,v1,S06,muse,{},STARTED,SOURCE_FAIL,True,FAIL,FAIL,evaluations/A-M06-A/assessment.json,True,1644.711,1216.887,,0,0,3,3,3,0,0,3,UNKNOWN,,
A-M06-A,treatment,A,A,A,M06,v1,S06,muse,{},STARTED,SOURCE_FAIL,True,FAIL,FAIL,evaluations/A-M06-A/assessment.json,True,1438.23,1173.411,,0,0,3,3,3,0,0,3,UNKNOWN,,
A-M06-B,control,A,A,A,M06,v1,S12,glm,{},FAILED_CRITIC_DELIVERY_DEADLINE,NO_COMPLETE_FINAL,False,,NO_DELIVERY,evaluations/A-M06-B/assessment.json,,,1863.614,,0,0,2,2,2,0,0,2,UNKNOWN,,
A-M06-B,treatment,A,A,A,M06,v1,S12,glm,{},STARTED,SOURCE_FAIL,True,FAIL,FAIL,evaluations/A-M06-B/assessment.json,True,2439.954,2338.478,,0,0,3,3,3,0,0,3,UNKNOWN,,
A-M07-A,control,A,A,A,M07,v1,S07,luna,{},STARTED,SOURCE_PASS_WITH_LIMITATIONS,True,PASS_WITH_LIMITATIONS,PASS_WITH_LIMITATIONS,evaluations/A-M07-A/assessment.json,False,3417.989,2838.451,5066.724,3,3,0,3,3,0,0,3,UNKNOWN,,
A-M07-A,treatment,A,A,A,M07,v1,S07,luna,{},STARTED,SOURCE_FAIL,True,FAIL,FAIL,evaluations/A-M07-A/assessment.json,False,3169.216,2754.202,,3,3,0,3,3,0,0,3,UNKNOWN,,
A-M07-B,control,A,A,A,M07,v1,S01,muse,{},STARTED,SOURCE_FAIL,True,FAIL,FAIL,evaluations/A-M07-B/assessment.json,True,1781.11,1288.252,,0,0,3,3,3,0,0,3,UNKNOWN,,
A-M07-B,treatment,A,A,A,M07,v1,S01,muse,{},STARTED,SOURCE_FAIL,True,FAIL,FAIL,evaluations/A-M07-B/assessment.json,True,2613.888,973.384,,0,0,3,3,3,0,0,3,UNKNOWN,,
A-M08-A,control,A,A,A,M08,v1,S08,glm,{},STARTED,SOURCE_FAIL,True,FAIL,FAIL,evaluations/A-M08-A/assessment.json,True,2954.54,2775.605,,0,0,3,3,3,0,0,3,UNKNOWN,,
A-M08-A,treatment,A,A,A,M08,v1,S08,glm,{},STARTED,SOURCE_FAIL,True,FAIL,FAIL,evaluations/A-M08-A/assessment.json,True,2235.445,2086.924,,0,0,3,3,3,0,0,3,UNKNOWN,,
A-M08-B,control,A,A,A,M08,v1,S02,luna,{},STARTED,SOURCE_PASS_WITH_LIMITATIONS,True,PASS_WITH_LIMITATIONS,PASS_WITH_LIMITATIONS,evaluations/A-M08-B/assessment.json,False,3577.304,3055.941,4927.859,3,3,0,3,3,0,0,3,UNKNOWN,,
A-M08-B,treatment,A,A,A,M08,v1,S02,luna,{},STARTED,SOURCE_PASS_WITH_LIMITATIONS,True,PASS_WITH_LIMITATIONS,PASS_WITH_LIMITATIONS,evaluations/A-M08-B/assessment.json,False,3563.033,2912.034,4920.335,3,3,0,3,3,0,0,3,UNKNOWN,,
A-M09-A,control,A,A,A,M09,v1,S09,muse,{},STARTED,SOURCE_FAIL,True,FAIL,FAIL,evaluations/A-M09-A/assessment.json,True,1740.36,1151.393,,0,0,3,3,3,0,0,3,UNKNOWN,,
A-M09-A,treatment,A,A,A,M09,v1,S09,muse,{},STARTED,SOURCE_FAIL,True,FAIL,FAIL,evaluations/A-M09-A/assessment.json,True,1403.712,1126.186,,0,0,3,3,3,0,0,3,UNKNOWN,,
A-M09-B,control,A,A,A,M09,v1,S03,glm,{},STARTED,SOURCE_FAIL,True,FAIL,FAIL,evaluations/A-M09-B/assessment.json,False,3556.62,2985.4790000000003,,0,0,3,3,3,0,0,3,UNKNOWN,,
A-M09-B,treatment,A,A,A,M09,v1,S03,glm,{},STARTED,SOURCE_FAIL,True,FAIL,FAIL,evaluations/A-M09-B/assessment.json,False,3511.248,3086.565,,0,0,3,3,3,0,0,3,UNKNOWN,,
A-M10-A,control,A,A,A,M10,v1,S10,luna,{},STARTED,SOURCE_PASS_WITH_LIMITATIONS,True,PASS_WITH_LIMITATIONS,PASS_WITH_LIMITATIONS,evaluations/A-M10-A/assessment.json,False,2839.74,2524.753,4297.473,3,3,0,3,3,0,0,3,UNKNOWN,,
A-M10-A,treatment,A,A,A,M10,v1,S10,luna,{},STARTED,SOURCE_FAIL,True,FAIL,FAIL,evaluations/A-M10-A/assessment.json,True,3095.94,2762.984,,3,3,0,3,3,0,0,3,UNKNOWN,,
A-M10-B,control,A,A,A,M10,v1,S04,muse,{},STARTED,SOURCE_FAIL,True,FAIL,FAIL,evaluations/A-M10-B/assessment.json,True,1465.743,1051.106,,0,0,3,3,3,0,0,3,UNKNOWN,,
A-M10-B,treatment,A,A,A,M10,v1,S04,muse,{},STARTED,SOURCE_FAIL,True,FAIL,FAIL,evaluations/A-M10-B/assessment.json,True,1582.77,1112.692,,0,0,3,3,3,0,0,3,UNKNOWN,,
A-M11-A,control,A,A,A,M11,v1,S11,glm,{},STARTED,SOURCE_FAIL,True,FAIL,FAIL,evaluations/A-M11-A/assessment.json,True,2415.572,2266.124,,0,0,3,3,3,0,0,3,UNKNOWN,,
A-M11-A,treatment,A,A,A,M11,v1,S11,glm,{},FAILED_CRITIC_DELIVERY_DEADLINE,NO_COMPLETE_FINAL,False,,NO_DELIVERY,evaluations/A-M11-A/assessment.json,,,2025.898,,0,0,2,2,2,0,0,2,UNKNOWN,,
A-M11-B,control,A,A,A,M11,v1,S05,luna,{},STARTED,SOURCE_FAIL,True,FAIL,FAIL,evaluations/A-M11-B/assessment.json,True,2267.323,1836.727,,3,3,0,3,3,0,0,3,UNKNOWN,,
A-M11-B,treatment,A,A,A,M11,v1,S05,luna,{},STARTED,SOURCE_PASS_WITH_LIMITATIONS,True,PASS_WITH_LIMITATIONS,PASS_WITH_LIMITATIONS,evaluations/A-M11-B/assessment.json,True,2226.452,2028.109,3803.19,3,3,0,3,3,0,0,3,UNKNOWN,,
A-M12-A,control,A,A,A,M12,v1,S12,muse,{},STARTED,SOURCE_FAIL,True,FAIL,FAIL,evaluations/A-M12-A/assessment.json,True,1767.954,1187.193,,0,0,3,3,3,0,0,3,UNKNOWN,,
A-M12-A,treatment,A,A,A,M12,v1,S12,muse,{},STARTED,SOURCE_FAIL,True,FAIL,FAIL,evaluations/A-M12-A/assessment.json,True,1406.201,1044.763,,0,0,3,3,3,0,0,3,UNKNOWN,,
A-M12-B,control,A,A,A,M12,v1,S06,glm,{},STARTED,SOURCE_FAIL,True,FAIL,FAIL,evaluations/A-M12-B/assessment.json,False,3613.421,3183.77,,0,0,3,3,3,0,0,3,UNKNOWN,,
A-M12-B,treatment,A,A,A,M12,v1,S06,glm,{},INVALID_INFRASTRUCTURE_OVERDISPATCH,NO_COMPLETE_FINAL,False,,,evaluations/A-M12-B/assessment.json,,,145.37,,0,0,1,1,1,0,0,1,UNKNOWN,,
B-01,control,B,B,B,M13,v1,I01,luna,{},STARTED,SOURCE_PASS_WITH_LIMITATIONS,True,PASS_WITH_LIMITATIONS,PASS_WITH_LIMITATIONS,evaluations/B-01/assessment.json,True,2198.683,1839.826,3809.56,3,3,0,3,3,0,0,3,UNKNOWN,,
B-01,treatment,B,B,B,M13,v1,I01,luna,{},STARTED,SOURCE_FAIL,True,FAIL,FAIL,evaluations/B-01/assessment.json,False,2510.838,3239.957,,2,2,0,2,2,0,0,2,UNKNOWN,,
B-02,control,B,B,B,M13,v1,I02,luna,{},STARTED,SOURCE_PASS_WITH_LIMITATIONS,True,PASS_WITH_LIMITATIONS,PASS_WITH_LIMITATIONS,evaluations/B-02/assessment.json,True,2575.228,2065.739,3993.059,3,3,0,3,3,0,0,3,UNKNOWN,,
B-02,treatment,B,B,B,M13,v1,I02,luna,{},STARTED,SOURCE_PASS_WITH_LIMITATIONS,True,PASS_WITH_LIMITATIONS,PASS_WITH_LIMITATIONS,evaluations/B-02/assessment.json,False,2448.874,3312.732,3990.567,2,2,0,2,2,0,0,2,UNKNOWN,,
B-03,control,B,B,B,M05,v2,I03,luna,{},STARTED,SOURCE_PASS_WITH_LIMITATIONS,True,PASS_WITH_LIMITATIONS,PASS_WITH_LIMITATIONS,evaluations/B-03/assessment.json,True,2423.35,2163.902,3869.241,3,3,0,3,3,0,0,3,UNKNOWN,,
B-03,treatment,B,B,B,M05,v2,I03,luna,{},STARTED,SOURCE_FAIL,True,FAIL,FAIL,evaluations/B-03/assessment.json,False,2181.268,3034.546,,2,2,0,2,2,0,0,2,UNKNOWN,,
B-04,control,B,B,B,M05,v2,I04,luna,{},UNSTARTED,NOT_PROMOTED_UNSTARTED,False,,,,,,,,0,0,0,0,0,0,0,0,UNKNOWN,,B-03 treatment failed its locked full-source PASS gate; I04 remains sealed.
B-04,treatment,B,B,B,M05,v2,I04,luna,{},UNSTARTED,NOT_PROMOTED_UNSTARTED,False,,,,,,,,0,0,0,0,0,0,0,0,UNKNOWN,,B-03 treatment failed its locked full-source PASS gate; I04 remains sealed.
B-05,control,B,B-development,B-development,M14,v1,I05,muse,"{""treatment"": {""critic"": ""luna""}}",STARTED,SOURCE_FAIL,True,FAIL,FAIL,evaluations/B-05/assessment.json,True,1570.059,1123.711,,0,0,3,3,3,0,0,3,UNKNOWN,,
B-05,treatment,B,B-development,B-development,M14,v1,I05,muse,"{""treatment"": {""critic"": ""luna""}}",STARTED,SOURCE_FAIL,True,FAIL,FAIL,evaluations/B-05/assessment.json,True,1652.545,2329.049,,1,1,1,2,2,0,0,2,UNKNOWN,,
B-06,control,B,B-development,B-development,M14,v1,I06,muse,"{""treatment"": {""critic"": ""luna""}}",STARTED,SOURCE_FAIL,True,FAIL,FAIL,evaluations/B-06/assessment.json,True,1552.838,1089.265,,0,0,3,3,3,0,0,3,UNKNOWN,,
B-06,treatment,B,B-development,B-development,M14,v1,I06,muse,"{""treatment"": {""critic"": ""luna""}}",STARTED,SOURCE_FAIL,True,FAIL,FAIL,evaluations/B-06/assessment.json,True,1757.966,2608.8469999999998,,1,1,1,2,2,0,0,2,UNKNOWN,,
B-07,control,B,B-development,B-development,M15,v1,I07,luna,{},STARTED,SOURCE_FAIL,True,FAIL,FAIL,evaluations/B-07/assessment.json,True,2981.072,2903.108,,3,3,0,3,3,0,0,3,UNKNOWN,,
B-07,treatment,B,B-development,B-development,M15,v1,I07,luna,{},INVALID_UNDECLARED_PROVIDER_DELEGATION,SOURCE_FAIL,True,FAIL,FAIL,evaluations/B-07/assessment.json,True,3306.024,4337.7789999999995,,4,4,0,4,7,662.516,3,4,UNKNOWN,,
B-08,control,B,B-development,B-development,M15,v1,I08,muse,{},STARTED,SOURCE_FAIL,True,FAIL,FAIL,evaluations/B-08/assessment.json,True,1097.549,1043.4099999999999,,0,0,3,3,3,0,0,3,UNKNOWN,,
B-08,treatment,B,B-development,B-development,M15,v1,I08,muse,{},STARTED,SOURCE_FAIL,True,FAIL,FAIL,evaluations/B-08/assessment.json,True,1566.692,1693.74,,0,0,4,4,4,0,0,4,UNKNOWN,,
C-01,control,C,C-development,"reallocated development, not confirmation",M16,v1,H01,luna,{},STARTED,SOURCE_PASS_WITH_LIMITATIONS,True,PASS_WITH_LIMITATIONS,PASS_WITH_LIMITATIONS,evaluations/C-01/assessment.json,True,2063.434,2038.3020000000001,3071.147,3,3,0,3,3,0,0,3,UNKNOWN,,
C-01,treatment,C,C-development,"reallocated development, not confirmation",M16,v1,H01,luna,{},STARTED,SOURCE_PASS_WITH_LIMITATIONS,True,PASS_WITH_LIMITATIONS,PASS_WITH_LIMITATIONS,evaluations/C-01/assessment.json,True,1730.897,1688.955,3069.464,3,3,0,3,3,0,0,3,UNKNOWN,,
C-02,control,C,C-development,"reallocated development, not confirmation",M16,v1,H02,luna,{},STARTED,SOURCE_PASS_WITH_LIMITATIONS,True,PASS_WITH_LIMITATIONS,PASS_WITH_LIMITATIONS,evaluations/C-02/assessment.json,True,1418.612,1339.282,3434.368,3,3,0,3,3,0,0,3,UNKNOWN,,
C-02,treatment,C,C-development,"reallocated development, not confirmation",M16,v1,H02,luna,{},STARTED,SOURCE_FAIL,True,FAIL,FAIL,evaluations/C-02/assessment.json,True,2396.659,2358.43,,3,3,0,3,3,0,0,3,UNKNOWN,,
C-03,control,C,C,C,,v1,C03,,{},UNSTARTED,NOT_PROMOTED_UNSTARTED,False,,,,,,,,0,0,0,0,0,0,0,0,UNKNOWN,,No recipe meets locked confirmation promotion gate. M16 two development delivery savings are below 20% independently of pending source grades; remaining held-out cases stay sealed.
C-03,treatment,C,C,C,,v1,C03,,{},UNSTARTED,NOT_PROMOTED_UNSTARTED,False,,,,,,,,0,0,0,0,0,0,0,0,UNKNOWN,,No recipe meets locked confirmation promotion gate. M16 two development delivery savings are below 20% independently of pending source grades; remaining held-out cases stay sealed.
C-04,control,C,C,C,,v1,C04,,{},UNSTARTED,NOT_PROMOTED_UNSTARTED,False,,,,,,,,0,0,0,0,0,0,0,0,UNKNOWN,,No recipe meets locked confirmation promotion gate. M16 two development delivery savings are below 20% independently of pending source grades; remaining held-out cases stay sealed.
C-04,treatment,C,C,C,,v1,C04,,{},UNSTARTED,NOT_PROMOTED_UNSTARTED,False,,,,,,,,0,0,0,0,0,0,0,0,UNKNOWN,,No recipe meets locked confirmation promotion gate. M16 two development delivery savings are below 20% independently of pending source grades; remaining held-out cases stay sealed.
C-05,control,C,C,C,,v1,C05,,{},UNSTARTED,NOT_PROMOTED_UNSTARTED,False,,,,,,,,0,0,0,0,0,0,0,0,UNKNOWN,,No recipe meets locked confirmation promotion gate. M16 two development delivery savings are below 20% independently of pending source grades; remaining held-out cases stay sealed.
C-05,treatment,C,C,C,,v1,C05,,{},UNSTARTED,NOT_PROMOTED_UNSTARTED,False,,,,,,,,0,0,0,0,0,0,0,0,UNKNOWN,,No recipe meets locked confirmation promotion gate. M16 two development delivery savings are below 20% independently of pending source grades; remaining held-out cases stay sealed.
C-06,control,C,C,C,,v1,C06,,{},UNSTARTED,NOT_PROMOTED_UNSTARTED,False,,,,,,,,0,0,0,0,0,0,0,0,UNKNOWN,,No recipe meets locked confirmation promotion gate. M16 two development delivery savings are below 20% independently of pending source grades; remaining held-out cases stay sealed.
C-06,treatment,C,C,C,,v1,C06,,{},UNSTARTED,NOT_PROMOTED_UNSTARTED,False,,,,,,,,0,0,0,0,0,0,0,0,UNKNOWN,,No recipe meets locked confirmation promotion gate. M16 two development delivery savings are below 20% independently of pending source grades; remaining held-out cases stay sealed.
C-07,control,C,C,C,,v1,C07,,{},UNSTARTED,NOT_PROMOTED_UNSTARTED,False,,,,,,,,0,0,0,0,0,0,0,0,UNKNOWN,,No recipe meets locked confirmation promotion gate. M16 two development delivery savings are below 20% independently of pending source grades; remaining held-out cases stay sealed.
C-07,treatment,C,C,C,,v1,C07,,{},UNSTARTED,NOT_PROMOTED_UNSTARTED,False,,,,,,,,0,0,0,0,0,0,0,0,UNKNOWN,,No recipe meets locked confirmation promotion gate. M16 two development delivery savings are below 20% independently of pending source grades; remaining held-out cases stay sealed.
C-08,control,C,C,C,,v1,C08,,{},UNSTARTED,NOT_PROMOTED_UNSTARTED,False,,,,,,,,0,0,0,0,0,0,0,0,UNKNOWN,,No recipe meets locked confirmation promotion gate. M16 two development delivery savings are below 20% independently of pending source grades; remaining held-out cases stay sealed.
C-08,treatment,C,C,C,,v1,C08,,{},UNSTARTED,NOT_PROMOTED_UNSTARTED,False,,,,,,,,0,0,0,0,0,0,0,0,UNKNOWN,,No recipe meets locked confirmation promotion gate. M16 two development delivery savings are below 20% independently of pending source grades; remaining held-out cases stay sealed.
