block,phase,method,method_version,resource_version,case,route,provider_role_overrides,arm,attempt_status,final_delivered,grade,final_path,arm_requested_at,deadline
A-M01-A,A,M01,v1,default-30-12-18-v1,S01,luna,{},control,STARTED,True,PASS_WITH_LIMITATIONS,jobs/A-M01-A/control/reviser/final.md,2026-10-09T18:24:41.207874+00:00,2026-10-09T19:24:41.207874+00:00
A-M01-A,A,M01,v1,default-30-12-18-v1,S01,luna,{},treatment,FAILED_DELIVERY_PROTOCOL,False,NO_DELIVERY,,2026-10-09T18:24:42.637651+00:00,2026-10-09T19:24:42.637651+00:00
A-M01-B,A,M01,v1,default-30-12-18-v1,S07,muse,{},control,STARTED,True,FAIL,jobs/A-M01-B/control/reviser/final.md,2026-10-09T18:24:43.415876+00:00,2026-10-09T19:24:43.415876+00:00
A-M01-B,A,M01,v1,default-30-12-18-v1,S07,muse,{},treatment,STARTED,True,FAIL,jobs/A-M01-B/treatment/reviser/final.md,2026-10-09T18:24:45.382757+00:00,2026-10-09T19:24:45.382757+00:00
A-M02-A,A,M02,v1,default-30-12-18-v1,S02,glm,{},control,INVALID_INFRASTRUCTURE_OVERDISPATCH,False,NO_DELIVERY,,2026-10-09T18:28:04.185225+00:00,2026-10-09T19:28:04.185225+00:00
A-M02-A,A,M02,v1,default-30-12-18-v1,S02,glm,{},treatment,INVALID_INFRASTRUCTURE_OVERDISPATCH,False,NO_DELIVERY,,2026-10-09T18:28:04.925513+00:00,2026-10-09T19:28:04.925513+00:00
A-M02-B,A,M02,v1,default-30-12-18-v1,S08,luna,{},control,STARTED,True,FAIL,jobs/A-M02-B/control/reviser/final.md,2026-10-09T18:24:21.745620+00:00,2026-10-09T19:24:21.745620+00:00
A-M02-B,A,M02,v1,default-30-12-18-v1,S08,luna,{},treatment,STARTED,True,FAIL,jobs/A-M02-B/treatment/reviser/final.md,2026-10-09T18:24:39.923973+00:00,2026-10-09T19:24:39.923973+00:00
A-M03-A,A,M03,v1,default-30-12-18-v1,S03,muse,{},control,STARTED,True,FAIL,jobs/A-M03-A/control/reviser/final.md,2026-10-09T18:38:35.160115+00:00,2026-10-09T19:38:35.160115+00:00
A-M03-A,A,M03,v1,default-30-12-18-v1,S03,muse,{},treatment,STARTED,True,FAIL,jobs/A-M03-A/treatment/critic-finalizer/final.md,2026-10-09T18:45:07.863362+00:00,2026-10-09T19:45:07.863362+00:00
A-M03-B,A,M03,v1,default-30-12-18-v1,S09,glm,{},control,INVALID_INFRASTRUCTURE_OVERDISPATCH,False,NO_DELIVERY,,2026-10-09T18:28:05.710518+00:00,2026-10-09T19:28:05.710518+00:00
A-M03-B,A,M03,v1,default-30-12-18-v1,S09,glm,{},treatment,INVALID_UNDECLARED_NATIVE_VERIFIER,False,HOLD,,2026-10-09T19:28:46.634199+00:00,2026-10-09T20:28:46.634199+00:00
A-M04-A,A,M04,v1,default-30-12-18-v1,S04,luna,{},control,STARTED,True,PASS_WITH_LIMITATIONS,jobs/A-M04-A/control/reviser/final.md,2026-10-09T18:28:48.843615+00:00,2026-10-09T19:28:48.843615+00:00
A-M04-A,A,M04,v1,default-30-12-18-v1,S04,luna,{},treatment,STARTED,True,FAIL,jobs/A-M04-A/treatment/reviser/final.md,2026-10-09T18:28:50.363520+00:00,2026-10-09T19:28:50.363520+00:00
A-M04-B,A,M04,v1,default-30-12-18-v1,S10,muse,{},control,STARTED,True,FAIL,jobs/A-M04-B/control/reviser/final.md,2026-10-09T19:25:30.428055+00:00,2026-10-09T20:25:30.428055+00:00
A-M04-B,A,M04,v1,default-30-12-18-v1,S10,muse,{},treatment,STARTED,True,FAIL,jobs/A-M04-B/treatment/reviser/final.md,2026-10-09T19:25:39.848988+00:00,2026-10-09T20:25:39.848988+00:00
A-M05-A,A,M05,v1,default-30-12-18-v1,S05,glm,{},control,STARTED,True,FAIL,jobs/A-M05-A/control/reviser/final.md,2026-10-09T19:27:45.873912+00:00,2026-10-09T20:27:45.873912+00:00
A-M05-A,A,M05,v1,default-30-12-18-v1,S05,glm,{},treatment,STARTED,True,FAIL,jobs/A-M05-A/treatment/research/final.md,2026-10-09T19:27:53.148426+00:00,2026-10-09T20:27:53.148426+00:00
A-M05-B,A,M05,v1,default-30-12-18-v1,S11,luna,{},control,STARTED,True,PASS_WITH_LIMITATIONS,jobs/A-M05-B/control/reviser/final.md,2026-10-09T18:39:25.793101+00:00,2026-10-09T19:39:25.793101+00:00
A-M05-B,A,M05,v1,default-30-12-18-v1,S11,luna,{},treatment,STARTED,True,PASS_WITH_LIMITATIONS,jobs/A-M05-B/treatment/research/final.md,2026-10-09T18:39:30.502703+00:00,2026-10-09T19:39:30.502703+00:00
A-M06-A,A,M06,v1,default-30-12-18-v1,S06,muse,{},control,STARTED,True,FAIL,jobs/A-M06-A/control/reviser/final.md,2026-10-09T18:57:49.357967+00:00,2026-10-09T19:57:49.357967+00:00
A-M06-A,A,M06,v1,default-30-12-18-v1,S06,muse,{},treatment,STARTED,True,FAIL,jobs/A-M06-A/treatment/reviser/final.md,2026-10-09T19:02:34.548436+00:00,2026-10-09T20:02:34.548436+00:00
A-M06-B,A,M06,v1,glm-24-18-18-v2,S12,glm,{},control,FAILED_CRITIC_DELIVERY_DEADLINE,False,NO_DELIVERY,,2026-10-09T20:53:52.979033+00:00,2026-10-09T21:53:52.979033+00:00
A-M06-B,A,M06,v1,glm-24-18-18-v2,S12,glm,{},treatment,STARTED,True,FAIL,jobs/A-M06-B/treatment/reviser/final.md,2026-10-09T21:11:16.428948+00:00,2026-10-09T22:11:16.428948+00:00
A-M07-A,A,M07,v1,default-30-12-18-v1,S07,luna,{},control,STARTED,True,PASS_WITH_LIMITATIONS,jobs/A-M07-A/control/reviser/final.md,2026-10-09T18:39:36.154255+00:00,2026-10-09T19:39:36.154255+00:00
A-M07-A,A,M07,v1,default-30-12-18-v1,S07,luna,{},treatment,STARTED,True,FAIL,jobs/A-M07-A/treatment/reviser/final.md,2026-10-09T18:39:43.084419+00:00,2026-10-09T19:39:43.084419+00:00
A-M07-B,A,M07,v1,default-30-12-18-v1,S01,muse,{},control,STARTED,True,FAIL,jobs/A-M07-B/control/reviser/final.md,2026-10-09T19:30:16.202878+00:00,2026-10-09T20:30:16.202878+00:00
A-M07-B,A,M07,v1,default-30-12-18-v1,S01,muse,{},treatment,STARTED,True,FAIL,jobs/A-M07-B/treatment/reviser/final.md,2026-10-09T19:33:10.889215+00:00,2026-10-09T20:33:10.889215+00:00
A-M08-A,A,M08,v1,glm-24-18-18-v2,S08,glm,{},control,STARTED,True,FAIL,jobs/A-M08-A/control/reviser/final.md,2026-10-09T21:11:26.167369+00:00,2026-10-09T22:11:26.167369+00:00
A-M08-A,A,M08,v1,glm-24-18-18-v2,S08,glm,{},treatment,STARTED,True,FAIL,jobs/A-M08-A/treatment/reviser/final.md,2026-10-09T20:29:39.076516+00:00,2026-10-09T21:29:39.076516+00:00
A-M08-B,A,M08,v1,default-30-12-18-v1,S02,luna,{},control,STARTED,True,PASS_WITH_LIMITATIONS,jobs/A-M08-B/control/reviser/final.md,2026-10-09T18:39:49.529337+00:00,2026-10-09T19:39:49.529337+00:00
A-M08-B,A,M08,v1,default-30-12-18-v1,S02,luna,{},treatment,STARTED,True,PASS_WITH_LIMITATIONS,jobs/A-M08-B/treatment/reviser/final.md,2026-10-09T18:39:57.052514+00:00,2026-10-09T19:39:57.052514+00:00
A-M09-A,A,M09,v1,default-30-12-18-v1,S09,muse,{},control,STARTED,True,FAIL,jobs/A-M09-A/control/reviser/final.md,2026-10-09T19:02:48.904788+00:00,2026-10-09T20:02:48.904788+00:00
A-M09-A,A,M09,v1,default-30-12-18-v1,S09,muse,{},treatment,STARTED,True,FAIL,jobs/A-M09-A/treatment/reviser/final.md,2026-10-09T19:08:53.336694+00:00,2026-10-09T20:08:53.336694+00:00
A-M09-B,A,M09,v1,default-30-12-18-v1,S03,glm,{},control,STARTED,True,FAIL,jobs/A-M09-B/control/reviser/final.md,2026-10-09T18:28:00.568027+00:00,2026-10-09T19:28:00.568027+00:00
A-M09-B,A,M09,v1,default-30-12-18-v1,S03,glm,{},treatment,STARTED,True,FAIL,jobs/A-M09-B/treatment/reviser/final.md,2026-10-09T18:28:01.079824+00:00,2026-10-09T19:28:01.079824+00:00
A-M10-A,A,M10,v1,default-30-12-18-v1,S10,luna,{},control,STARTED,True,PASS_WITH_LIMITATIONS,jobs/A-M10-A/control/reviser/final.md,2026-10-09T18:40:19.143486+00:00,2026-10-09T19:40:19.143486+00:00
A-M10-A,A,M10,v1,default-30-12-18-v1,S10,luna,{},treatment,STARTED,True,FAIL,jobs/A-M10-A/treatment/reviser/final.md,2026-10-09T18:40:39.323584+00:00,2026-10-09T19:40:39.323584+00:00
A-M10-B,A,M10,v1,default-30-12-18-v1,S04,muse,{},control,STARTED,True,FAIL,jobs/A-M10-B/control/reviser/final.md,2026-10-09T18:28:02.976111+00:00,2026-10-09T19:28:02.976111+00:00
A-M10-B,A,M10,v1,default-30-12-18-v1,S04,muse,{},treatment,STARTED,True,FAIL,jobs/A-M10-B/treatment/reviser/final.md,2026-10-09T18:28:03.544425+00:00,2026-10-09T19:28:03.544425+00:00
A-M11-A,A,M11,v1,glm-24-18-18-v2,S11,glm,{},control,STARTED,True,FAIL,jobs/A-M11-A/control/reviser/final.md,2026-10-09T20:28:43.148716+00:00,2026-10-09T21:28:43.148716+00:00
A-M11-A,A,M11,v1,glm-24-18-18-v2,S11,glm,{},treatment,FAILED_CRITIC_DELIVERY_DEADLINE,False,NO_DELIVERY,,2026-10-09T20:17:26.495926+00:00,2026-10-09T21:17:26.495926+00:00
A-M11-B,A,M11,v1,default-30-12-18-v1,S05,luna,{},control,STARTED,True,FAIL,jobs/A-M11-B/control/reviser/final.md,2026-10-09T18:28:50.955054+00:00,2026-10-09T19:28:50.955054+00:00
A-M11-B,A,M11,v1,default-30-12-18-v1,S05,luna,{},treatment,STARTED,True,PASS_WITH_LIMITATIONS,jobs/A-M11-B/treatment/reviser/final.md,2026-10-09T18:28:52.038615+00:00,2026-10-09T19:28:52.038615+00:00
A-M12-A,A,M12,v1,default-30-12-18-v1,S12,muse,{},control,STARTED,True,FAIL,jobs/A-M12-A/control/reviser/final.md,2026-10-09T18:53:07.250513+00:00,2026-10-09T19:53:07.250513+00:00
A-M12-A,A,M12,v1,default-30-12-18-v1,S12,muse,{},treatment,STARTED,True,FAIL,jobs/A-M12-A/treatment/reviser/final.md,2026-10-09T18:53:15.823711+00:00,2026-10-09T19:53:15.823711+00:00
A-M12-B,A,M12,v1,default-30-12-18-v1,S06,glm,{},control,STARTED,True,FAIL,jobs/A-M12-B/control/reviser/final.md,2026-10-09T18:28:01.622902+00:00,2026-10-09T19:28:01.622902+00:00
A-M12-B,A,M12,v1,default-30-12-18-v1,S06,glm,{},treatment,INVALID_INFRASTRUCTURE_OVERDISPATCH,False,,,2026-10-09T18:28:02.332673+00:00,2026-10-09T19:28:02.332673+00:00
B-01,B,M13,v1,retained60-critic12-v1,I01,luna,{},control,STARTED,True,PASS_WITH_LIMITATIONS,jobs/B-01/control/reviser/final.md,2026-10-09T19:38:38.420717+00:00,2026-10-09T20:38:38.420717+00:00
B-01,B,M13,v1,retained60-critic12-v1,I01,luna,{},treatment,STARTED,True,FAIL,jobs/B-01/treatment/research/final.md,2026-10-09T19:38:40.006903+00:00,2026-10-09T20:38:40.006903+00:00
B-02,B,M13,v1,retained60-critic12-v1,I02,luna,{},control,STARTED,True,PASS_WITH_LIMITATIONS,jobs/B-02/control/reviser/final.md,2026-10-09T19:38:41.768148+00:00,2026-10-09T20:38:41.768148+00:00
B-02,B,M13,v1,retained60-critic12-v1,I02,luna,{},treatment,STARTED,True,PASS_WITH_LIMITATIONS,jobs/B-02/treatment/research/final.md,2026-10-09T19:38:44.259641+00:00,2026-10-09T20:38:44.259641+00:00
B-03,B,M05,v2,retained-terminal-handoff-v2,I03,luna,{},control,STARTED,True,PASS_WITH_LIMITATIONS,jobs/B-03/control/reviser/final.md,2026-10-09T19:43:13.922593+00:00,2026-10-09T20:43:13.922593+00:00
B-03,B,M05,v2,retained-terminal-handoff-v2,I03,luna,{},treatment,STARTED,True,FAIL,jobs/B-03/treatment/research/final.md,2026-10-09T19:43:15.663076+00:00,2026-10-09T20:43:15.663076+00:00
B-04,B,M05,v2,retained-terminal-handoff-v2,I04,luna,{},control,UNSTARTED,False,,,,
B-04,B,M05,v2,retained-terminal-handoff-v2,I04,luna,{},treatment,UNSTARTED,False,,,,
B-05,B-development,M14,v1,75-30-20-25-role-bundle-v1,I05,muse,"{""treatment"": {""critic"": ""luna""}}",control,STARTED,True,FAIL,jobs/B-05/control/reviser/final.md,2026-10-09T20:20:18.414695+00:00,2026-10-09T21:35:18.414695+00:00
B-05,B-development,M14,v1,75-30-20-25-role-bundle-v1,I05,muse,"{""treatment"": {""critic"": ""luna""}}",treatment,STARTED,True,FAIL,jobs/B-05/treatment/research/final.md,2026-10-09T20:20:43.999011+00:00,2026-10-09T21:35:43.999011+00:00
B-06,B-development,M14,v1,75-30-20-25-role-bundle-v1,I06,muse,"{""treatment"": {""critic"": ""luna""}}",control,STARTED,True,FAIL,jobs/B-06/control/reviser/final.md,2026-10-09T20:22:20.723737+00:00,2026-10-09T21:37:20.723737+00:00
B-06,B-development,M14,v1,75-30-20-25-role-bundle-v1,I06,muse,"{""treatment"": {""critic"": ""luna""}}",treatment,STARTED,True,FAIL,jobs/B-06/treatment/research/final.md,2026-10-09T20:22:57.384622+00:00,2026-10-09T21:37:57.384622+00:00
B-07,B-development,M15,v1,75-30-parallel20+15-25-v1,I07,luna,{},control,STARTED,True,FAIL,jobs/B-07/control/reviser/final.md,2026-10-09T20:58:55.462771+00:00,2026-10-09T22:13:55.462771+00:00
B-07,B-development,M15,v1,75-30-parallel20+15-25-v1,I07,luna,{},treatment,INVALID_UNDECLARED_PROVIDER_DELEGATION,True,FAIL,jobs/B-07/treatment/reviser/final.md,2026-10-09T20:58:58.512742+00:00,2026-10-09T22:13:58.512742+00:00
B-08,B-development,M15,v1,75-30-parallel20+15-25-v1,I08,muse,{},control,STARTED,True,FAIL,jobs/B-08/control/reviser/final.md,2026-10-09T20:59:08.770413+00:00,2026-10-09T22:14:08.770413+00:00
B-08,B-development,M15,v1,75-30-parallel20+15-25-v1,I08,muse,{},treatment,STARTED,True,FAIL,jobs/B-08/treatment/reviser/final.md,2026-10-09T20:59:19.391482+00:00,2026-10-09T22:14:19.391482+00:00
C-01,C-development,M16,v1,budget-75vs60-v1,H01,luna,{},control,STARTED,True,PASS_WITH_LIMITATIONS,jobs/C-01/control/reviser/final.md,2026-10-09T21:37:32.734901+00:00,2026-10-09T22:52:32.734901+00:00
C-01,C-development,M16,v1,budget-75vs60-v1,H01,luna,{},treatment,STARTED,True,PASS_WITH_LIMITATIONS,jobs/C-01/treatment/reviser/final.md,2026-10-09T21:37:34.418337+00:00,2026-10-09T22:37:34.418337+00:00
C-02,C-development,M16,v1,budget-75vs60-v1,H02,luna,{},control,STARTED,True,PASS_WITH_LIMITATIONS,jobs/C-02/control/reviser/final.md,2026-10-09T21:37:37.734702+00:00,2026-10-09T22:52:37.734702+00:00
C-02,C-development,M16,v1,budget-75vs60-v1,H02,luna,{},treatment,STARTED,True,FAIL,jobs/C-02/treatment/reviser/final.md,2026-10-09T21:37:40.303378+00:00,2026-10-09T22:37:40.303378+00:00
C-03,C,,v1,default-30-12-18-v1,C03,,{},control,UNSTARTED,False,,,,
C-03,C,,v1,default-30-12-18-v1,C03,,{},treatment,UNSTARTED,False,,,,
C-04,C,,v1,default-30-12-18-v1,C04,,{},control,UNSTARTED,False,,,,
C-04,C,,v1,default-30-12-18-v1,C04,,{},treatment,UNSTARTED,False,,,,
C-05,C,,v1,default-30-12-18-v1,C05,,{},control,UNSTARTED,False,,,,
C-05,C,,v1,default-30-12-18-v1,C05,,{},treatment,UNSTARTED,False,,,,
C-06,C,,v1,default-30-12-18-v1,C06,,{},control,UNSTARTED,False,,,,
C-06,C,,v1,default-30-12-18-v1,C06,,{},treatment,UNSTARTED,False,,,,
C-07,C,,v1,default-30-12-18-v1,C07,,{},control,UNSTARTED,False,,,,
C-07,C,,v1,default-30-12-18-v1,C07,,{},treatment,UNSTARTED,False,,,,
C-08,C,,v1,default-30-12-18-v1,C08,,{},control,UNSTARTED,False,,,,
C-08,C,,v1,default-30-12-18-v1,C08,,{},treatment,UNSTARTED,False,,,,
