block,phase,method,method_version,case,route,provider_role_overrides,arm,status,final_delivered,grade,requested_at,deadline,final_files_saved_at,delivered_at,candidate_delivery_s,science_last_save_s,delivery_within_whole_deadline,science_saved_within_whole_deadline,occupied_agent_s,occupied_agent_so_far_s,occupied_within_90min,qualified_result_s,assessment_delivery_at,assessment_occupied_s,final_output_bytes,source_map_bytes,experiment_slot_wait_s,shared_cold_setup_allocation_s,source_operation_count,billing
A-M01-A,A,M01,v1,S01,luna,{},control,STARTED,True,PASS_WITH_LIMITATIONS,2026-10-09T18:24:41.207874+00:00,2026-10-09T19:24:41.207874+00:00,2026-10-09T19:10:14.976922+00:00,2026-10-09T19:14:29.023000+00:00,2987.815,2733.769,True,True,3351.227,3351.227,True,4273.551,2026-10-09T19:35:54.759000+00:00,1048.99,31025,67015,,,,
A-M01-A,A,M01,v1,S01,luna,{},treatment,FAILED_DELIVERY_PROTOCOL,False,NO_DELIVERY,2026-10-09T18:24:42.637651+00:00,2026-10-09T19:24:42.637651+00:00,,,,,,,60.95,60.95,True,,2026-10-09T19:35:54.759000+00:00,1048.99,,,,,,
A-M01-B,A,M01,v1,S07,muse,{},control,STARTED,True,FAIL,2026-10-09T18:24:43.415876+00:00,2026-10-09T19:24:43.415876+00:00,2026-10-09T18:41:27.600764+00:00,2026-10-09T18:42:05.385000+00:00,1041.969,1004.185,True,True,1162.037,1162.037,True,,2026-10-09T19:13:12.771000+00:00,1201.655,39210,3119,,,,
A-M01-B,A,M01,v1,S07,muse,{},treatment,STARTED,True,FAIL,2026-10-09T18:24:45.382757+00:00,2026-10-09T19:24:45.382757+00:00,2026-10-09T18:51:20.849649+00:00,2026-10-09T18:51:47.948000+00:00,1622.565,1595.467,True,True,1200.603,1200.603,True,,2026-10-09T19:13:12.771000+00:00,1201.655,43052,7082,,,,
A-M02-A,A,M02,v1,S02,glm,{},control,INVALID_INFRASTRUCTURE_OVERDISPATCH,False,NO_DELIVERY,2026-10-09T18:28:04.185225+00:00,2026-10-09T19:28:04.185225+00:00,,,,,,,136.926,136.926,True,,2026-10-09T19:23:58.115000+00:00,330.907,,,,,,
A-M02-A,A,M02,v1,S02,glm,{},treatment,INVALID_INFRASTRUCTURE_OVERDISPATCH,False,NO_DELIVERY,2026-10-09T18:28:04.925513+00:00,2026-10-09T19:28:04.925513+00:00,,,,,,,135.602,135.602,True,,2026-10-09T19:23:58.115000+00:00,330.907,,,,,,
A-M02-B,A,M02,v1,S08,luna,{},control,STARTED,True,FAIL,2026-10-09T18:24:21.745620+00:00,2026-10-09T19:24:21.745620+00:00,2026-10-09T19:12:22.634368+00:00,2026-10-09T19:15:20.248000+00:00,3058.502,2880.889,True,True,2654.462,2654.462,True,,2026-10-09T19:48:38.086000+00:00,1359.034,40073,42607,,,,
A-M02-B,A,M02,v1,S08,luna,{},treatment,STARTED,True,FAIL,2026-10-09T18:24:39.923973+00:00,2026-10-09T19:24:39.923973+00:00,2026-10-09T19:17:18.426546+00:00,2026-10-09T19:21:09.746000+00:00,3389.822,3158.503,True,True,2772.599,2772.599,True,,2026-10-09T19:48:38.086000+00:00,1359.034,41478,59763,,,,
A-M03-A,A,M03,v1,S03,muse,{},control,STARTED,True,FAIL,2026-10-09T18:38:35.160115+00:00,2026-10-09T19:38:35.160115+00:00,2026-10-09T18:58:27.842434+00:00,2026-10-09T18:58:57.049000+00:00,1221.889,1192.682,True,True,982.744,982.744,True,,2026-10-09T19:34:20.708000+00:00,1462.947,33771,6821,,,,
A-M03-A,A,M03,v1,S03,muse,{},treatment,STARTED,True,FAIL,2026-10-09T18:45:07.863362+00:00,2026-10-09T19:45:07.863362+00:00,2026-10-09T18:59:19.250767+00:00,2026-10-09T18:59:57.748000+00:00,889.885,851.387,True,True,698.509,698.509,True,,2026-10-09T19:34:20.708000+00:00,1462.947,21635,1437,,,,
A-M03-B,A,M03,v1,S09,glm,{},control,INVALID_INFRASTRUCTURE_OVERDISPATCH,False,NO_DELIVERY,2026-10-09T18:28:05.710518+00:00,2026-10-09T19:28:05.710518+00:00,,,,,,,135.966,135.966,True,,2026-10-09T20:20:27.778000+00:00,1217.154,,,,,,
A-M03-B,A,M03,v1,S09,glm,{},treatment,INVALID_UNDECLARED_NATIVE_VERIFIER,False,HOLD,2026-10-09T19:28:46.634199+00:00,2026-10-09T20:28:46.634199+00:00,,,,,,,1535.44,1535.44,True,,2026-10-09T20:20:27.778000+00:00,1217.154,,,,,,
A-M04-A,A,M04,v1,S04,luna,{},control,STARTED,True,PASS_WITH_LIMITATIONS,2026-10-09T18:28:48.843615+00:00,2026-10-09T19:28:48.843615+00:00,2026-10-09T18:53:14.492398+00:00,2026-10-09T18:56:29.363000+00:00,1660.519,1465.649,True,True,1179.7060000000001,1179.7060000000001,True,3153.636,2026-10-09T19:21:22.480000+00:00,1379.703,23983,28666,,,,
A-M04-A,A,M04,v1,S04,luna,{},treatment,STARTED,True,FAIL,2026-10-09T18:28:50.363520+00:00,2026-10-09T19:28:50.363520+00:00,2026-10-09T18:54:12.832443+00:00,2026-10-09T18:57:26.914000+00:00,1716.55,1522.469,True,True,1406.917,1406.917,True,,2026-10-09T19:21:22.480000+00:00,1379.703,22938,23368,,,,
A-M04-B,A,M04,v1,S10,muse,{},control,STARTED,True,FAIL,2026-10-09T19:25:30.428055+00:00,2026-10-09T20:25:30.428055+00:00,2026-10-09T19:49:56.142644+00:00,2026-10-09T19:50:56.752000+00:00,1526.324,1465.715,True,True,1153.963,1153.963,True,,2026-10-09T20:19:27.864000+00:00,1156.589,64811,4579,,,,
A-M04-B,A,M04,v1,S10,muse,{},treatment,STARTED,True,FAIL,2026-10-09T19:25:39.848988+00:00,2026-10-09T20:25:39.848988+00:00,2026-10-09T19:52:22.598611+00:00,2026-10-09T19:52:55.625000+00:00,1635.776,1602.75,True,True,1230.421,1230.421,True,,2026-10-09T20:19:27.864000+00:00,1156.589,38115,4969,,,,
A-M05-A,A,M05,v1,S05,glm,{},control,STARTED,True,FAIL,2026-10-09T19:27:45.873912+00:00,2026-10-09T20:27:45.873912+00:00,2026-10-09T20:19:04.433705+00:00,2026-10-09T20:20:49.600000+00:00,3183.726,3078.56,True,True,2920.6130000000003,2920.6130000000003,True,,2026-10-09T20:46:28.554000+00:00,1115.775,31396,3946,,,,
A-M05-A,A,M05,v1,S05,glm,{},treatment,STARTED,True,FAIL,2026-10-09T19:27:53.148426+00:00,2026-10-09T20:27:53.148426+00:00,2026-10-09T20:20:47.459466+00:00,2026-10-09T20:24:10.268000+00:00,3377.12,3174.311,True,True,4084.8140000000003,4084.8140000000003,True,,2026-10-09T20:46:28.554000+00:00,1115.775,15391,15785,,,,
A-M05-B,A,M05,v1,S11,luna,{},control,STARTED,True,PASS_WITH_LIMITATIONS,2026-10-09T18:39:25.793101+00:00,2026-10-09T19:39:25.793101+00:00,2026-10-09T19:13:32.954013+00:00,2026-10-09T19:17:43.304000+00:00,2297.511,2047.161,True,True,1924.577,1924.577,True,3497.139,2026-10-09T19:37:42.932000+00:00,1063.769,27513,5714,,,,
A-M05-B,A,M05,v1,S11,luna,{},treatment,STARTED,True,PASS_WITH_LIMITATIONS,2026-10-09T18:39:30.502703+00:00,2026-10-09T19:39:30.502703+00:00,2026-10-09T19:03:54.162302+00:00,2026-10-09T19:06:58.486000+00:00,1647.983,1463.66,True,True,2245.442,2245.442,True,3492.429,2026-10-09T19:37:42.932000+00:00,1063.769,21599,18820,,,,
A-M06-A,A,M06,v1,S06,muse,{},control,STARTED,True,FAIL,2026-10-09T18:57:49.357967+00:00,2026-10-09T19:57:49.357967+00:00,2026-10-09T19:24:30.232263+00:00,2026-10-09T19:25:14.069000+00:00,1644.711,1600.874,True,True,1216.887,1216.887,True,,2026-10-09T19:50:05.249000+00:00,1287.666,70251,17952,,,,
A-M06-A,A,M06,v1,S06,muse,{},treatment,STARTED,True,FAIL,2026-10-09T19:02:34.548436+00:00,2026-10-09T20:02:34.548436+00:00,2026-10-09T19:25:21.706559+00:00,2026-10-09T19:26:32.778000+00:00,1438.23,1367.158,True,True,1173.411,1173.411,True,,2026-10-09T19:50:05.249000+00:00,1287.666,31783,8129,,,,
A-M06-B,A,M06,v1,S12,glm,{},control,FAILED_CRITIC_DELIVERY_DEADLINE,False,,2026-10-09T20:53:52.979033+00:00,2026-10-09T21:53:52.979033+00:00,,,,,,,1863.614,1863.614,True,,,,,,,,,
A-M06-B,A,M06,v1,S12,glm,{},treatment,STARTED,False,,2026-10-09T21:11:16.428948+00:00,2026-10-09T22:11:16.428948+00:00,,,,,,,,1557.191,,,,,,,,,,
A-M07-A,A,M07,v1,S07,luna,{},control,STARTED,True,PASS_WITH_LIMITATIONS,2026-10-09T18:39:36.154255+00:00,2026-10-09T19:39:36.154255+00:00,2026-10-09T19:34:15.493623+00:00,2026-10-09T19:36:34.143000+00:00,3417.989,3279.339,True,True,2838.451,2838.451,True,5066.724,2026-10-09T20:04:02.878000+00:00,1428.287,25454,28860,,,,
A-M07-A,A,M07,v1,S07,luna,{},treatment,STARTED,True,FAIL,2026-10-09T18:39:43.084419+00:00,2026-10-09T19:39:43.084419+00:00,2026-10-09T19:27:19.940339+00:00,2026-10-09T19:32:32.300000+00:00,3169.216,2856.856,True,True,2754.202,2754.202,True,,2026-10-09T20:04:02.878000+00:00,1428.287,29262,30822,,,,
A-M07-B,A,M07,v1,S01,muse,{},control,STARTED,True,FAIL,2026-10-09T19:30:16.202878+00:00,2026-10-09T20:30:16.202878+00:00,2026-10-09T19:56:16.364113+00:00,2026-10-09T19:59:57.313000+00:00,1781.11,1560.161,True,True,1288.252,1288.252,True,,2026-10-09T20:36:58.926000+00:00,1117.442,51841,1438,,,,
A-M07-B,A,M07,v1,S01,muse,{},treatment,STARTED,True,FAIL,2026-10-09T19:33:10.889215+00:00,2026-10-09T20:33:10.889215+00:00,2026-10-09T20:16:14.242730+00:00,2026-10-09T20:16:44.777000+00:00,2613.888,2583.354,True,True,973.384,973.384,True,,2026-10-09T20:36:58.926000+00:00,1117.442,33181,12999,,,,
A-M08-A,A,M08,v1,S08,glm,{},control,STARTED,False,,2026-10-09T21:11:26.167369+00:00,2026-10-09T22:11:26.167369+00:00,,,,,,,,1960.8029999999999,,,,,,,,,,
A-M08-A,A,M08,v1,S08,glm,{},treatment,STARTED,True,,2026-10-09T20:29:39.076516+00:00,2026-10-09T21:29:39.076516+00:00,2026-10-09T21:05:09.669056+00:00,2026-10-09T21:06:54.522000+00:00,2235.445,2130.593,True,True,2086.924,2086.924,True,,,,24621,5270,,,,
A-M08-B,A,M08,v1,S02,luna,{},control,STARTED,True,PASS_WITH_LIMITATIONS,2026-10-09T18:39:49.529337+00:00,2026-10-09T19:39:49.529337+00:00,2026-10-09T19:37:56.426979+00:00,2026-10-09T19:39:26.833000+00:00,3577.304,3486.898,True,True,3055.941,3055.941,True,4927.859,2026-10-09T20:01:57.388000+00:00,1241.107,25135,27812,,,,
A-M08-B,A,M08,v1,S02,luna,{},treatment,STARTED,True,PASS_WITH_LIMITATIONS,2026-10-09T18:39:57.052514+00:00,2026-10-09T19:39:57.052514+00:00,2026-10-09T19:35:53.500579+00:00,2026-10-09T19:39:20.086000+00:00,3563.033,3356.448,True,True,2912.034,2912.034,True,4920.335,2026-10-09T20:01:57.388000+00:00,1241.107,31110,32432,,,,
A-M09-A,A,M09,v1,S09,muse,{},control,STARTED,True,FAIL,2026-10-09T19:02:48.904788+00:00,2026-10-09T20:02:48.904788+00:00,2026-10-09T19:31:26.515015+00:00,2026-10-09T19:31:49.265000+00:00,1740.36,1717.61,True,True,1151.393,1151.393,True,,2026-10-09T19:52:00.546000+00:00,1101.15,40319,3704,,,,
A-M09-A,A,M09,v1,S09,muse,{},treatment,STARTED,True,FAIL,2026-10-09T19:08:53.336694+00:00,2026-10-09T20:08:53.336694+00:00,2026-10-09T19:31:41.957125+00:00,2026-10-09T19:32:17.049000+00:00,1403.712,1368.62,True,True,1126.186,1126.186,True,,2026-10-09T19:52:00.546000+00:00,1101.15,36115,3308,,,,
A-M09-B,A,M09,v1,S03,glm,{},control,STARTED,True,FAIL,2026-10-09T18:28:00.568027+00:00,2026-10-09T19:28:00.568027+00:00,2026-10-09T19:24:07.167152+00:00,2026-10-09T19:27:17.188000+00:00,3556.62,3366.599,True,True,2985.4790000000003,2985.4790000000003,True,,2026-10-09T19:47:53.887000+00:00,1106.952,31959,11492,,,,
A-M09-B,A,M09,v1,S03,glm,{},treatment,STARTED,True,FAIL,2026-10-09T18:28:01.079824+00:00,2026-10-09T19:28:01.079824+00:00,2026-10-09T19:21:43.357602+00:00,2026-10-09T19:26:32.328000+00:00,3511.248,3222.278,True,True,3086.565,3086.565,True,,2026-10-09T19:47:53.887000+00:00,1106.952,32595,17974,,,,
A-M10-A,A,M10,v1,S10,luna,{},control,STARTED,True,PASS_WITH_LIMITATIONS,2026-10-09T18:40:19.143486+00:00,2026-10-09T19:40:19.143486+00:00,2026-10-09T19:24:26.043957+00:00,2026-10-09T19:27:38.883000+00:00,2839.74,2646.9,True,True,2524.753,2524.753,True,4297.473,2026-10-09T19:51:56.616000+00:00,1097.355,29024,47516,,,,
A-M10-A,A,M10,v1,S10,luna,{},treatment,STARTED,True,FAIL,2026-10-09T18:40:39.323584+00:00,2026-10-09T19:40:39.323584+00:00,2026-10-09T19:28:02.450505+00:00,2026-10-09T19:32:15.264000+00:00,3095.94,2843.127,True,True,2762.984,2762.984,True,,2026-10-09T19:51:56.616000+00:00,1097.355,30870,41125,,,,
A-M10-B,A,M10,v1,S04,muse,{},control,STARTED,True,FAIL,2026-10-09T18:28:02.976111+00:00,2026-10-09T19:28:02.976111+00:00,2026-10-09T18:51:55.015875+00:00,2026-10-09T18:52:28.719000+00:00,1465.743,1432.04,True,True,1051.106,1051.106,True,,2026-10-09T19:20:18.672000+00:00,1466.331,39640,6785,,,,
A-M10-B,A,M10,v1,S04,muse,{},treatment,STARTED,True,FAIL,2026-10-09T18:28:03.544425+00:00,2026-10-09T19:28:03.544425+00:00,2026-10-09T18:53:45.852381+00:00,2026-10-09T18:54:26.314000+00:00,1582.77,1542.308,True,True,1112.692,1112.692,True,,2026-10-09T19:20:18.672000+00:00,1466.331,51035,7739,,,,
A-M11-A,A,M11,v1,S11,glm,{},control,STARTED,True,FAIL,2026-10-09T20:28:43.148716+00:00,2026-10-09T21:28:43.148716+00:00,2026-10-09T21:06:11.189956+00:00,2026-10-09T21:08:58.721000+00:00,2415.572,2248.041,True,True,2266.124,2266.124,True,,2026-10-09T21:26:23.897000+00:00,883.674,34506,12472,,,,
A-M11-A,A,M11,v1,S11,glm,{},treatment,FAILED_CRITIC_DELIVERY_DEADLINE,False,NO_DELIVERY,2026-10-09T20:17:26.495926+00:00,2026-10-09T21:17:26.495926+00:00,,,,,,,2025.898,2025.898,True,,2026-10-09T21:26:23.897000+00:00,883.674,,,,,,
A-M11-B,A,M11,v1,S05,luna,{},control,STARTED,True,FAIL,2026-10-09T18:28:50.955054+00:00,2026-10-09T19:28:50.955054+00:00,2026-10-09T19:03:17.449305+00:00,2026-10-09T19:06:38.278000+00:00,2267.323,2066.494,True,True,1836.727,1836.727,True,,2026-10-09T19:32:15.229000+00:00,1336.848,33991,6040,,,,
A-M11-B,A,M11,v1,S05,luna,{},treatment,STARTED,True,PASS_WITH_LIMITATIONS,2026-10-09T18:28:52.038615+00:00,2026-10-09T19:28:52.038615+00:00,2026-10-09T19:00:52.634372+00:00,2026-10-09T19:05:58.491000+00:00,2226.452,1920.596,True,True,2028.109,2028.109,True,3803.19,2026-10-09T19:32:15.229000+00:00,1336.848,24277,11398,,,,
A-M12-A,A,M12,v1,S12,muse,{},control,STARTED,True,FAIL,2026-10-09T18:53:07.250513+00:00,2026-10-09T19:53:07.250513+00:00,2026-10-09T19:21:45.039119+00:00,2026-10-09T19:22:35.205000+00:00,1767.954,1717.789,True,True,1187.193,1187.193,True,,2026-10-09T19:49:17.478000+00:00,1304.945,41158,5910,,,,
A-M12-A,A,M12,v1,S12,muse,{},treatment,STARTED,True,FAIL,2026-10-09T18:53:15.823711+00:00,2026-10-09T19:53:15.823711+00:00,2026-10-09T19:16:06.244189+00:00,2026-10-09T19:16:42.025000+00:00,1406.201,1370.42,True,True,1044.763,1044.763,True,,2026-10-09T19:49:17.478000+00:00,1304.945,38053,2515,,,,
A-M12-B,A,M12,v1,S06,glm,{},control,STARTED,True,FAIL,2026-10-09T18:28:01.622902+00:00,2026-10-09T19:28:01.622902+00:00,2026-10-09T19:27:29.788424+00:00,2026-10-09T19:28:15.044000+00:00,3613.421,3568.166,False,True,3183.77,3183.77,True,,2026-10-09T19:45:22.872000+00:00,955.9,24141,12220,,,,
A-M12-B,A,M12,v1,S06,glm,{},treatment,INVALID_INFRASTRUCTURE_OVERDISPATCH,False,,2026-10-09T18:28:02.332673+00:00,2026-10-09T19:28:02.332673+00:00,,,,,,,145.37,145.37,True,,2026-10-09T19:45:22.872000+00:00,955.9,,,,,,
B-01,B,M13,v1,I01,luna,{},control,STARTED,True,PASS_WITH_LIMITATIONS,2026-10-09T19:38:38.420717+00:00,2026-10-09T20:38:38.420717+00:00,2026-10-09T20:10:35.507630+00:00,2026-10-09T20:15:17.104000+00:00,2198.683,1917.087,True,True,1839.826,1839.826,True,3809.56,2026-10-09T20:42:07.981000+00:00,1057.376,26522,9961,,,,
B-01,B,M13,v1,I01,luna,{},treatment,STARTED,True,FAIL,2026-10-09T19:38:40.006903+00:00,2026-10-09T20:38:40.006903+00:00,2026-10-09T20:19:09.466965+00:00,2026-10-09T20:20:30.845000+00:00,2510.838,2429.46,True,True,3239.957,3239.957,True,,2026-10-09T20:42:07.981000+00:00,1057.376,26543,22805,,,,
B-02,B,M13,v1,I02,luna,{},control,STARTED,True,PASS_WITH_LIMITATIONS,2026-10-09T19:38:41.768148+00:00,2026-10-09T20:38:41.768148+00:00,2026-10-09T20:20:24.647973+00:00,2026-10-09T20:21:36.996000+00:00,2575.228,2502.88,True,True,2065.739,2065.739,True,3993.059,2026-10-09T20:45:14.827000+00:00,1036.343,36358,41677,,,,
B-02,B,M13,v1,I02,luna,{},treatment,STARTED,True,PASS_WITH_LIMITATIONS,2026-10-09T19:38:44.259641+00:00,2026-10-09T20:38:44.259641+00:00,2026-10-09T20:16:34.570245+00:00,2026-10-09T20:19:33.134000+00:00,2448.874,2270.311,True,True,3312.732,3312.732,True,3990.567,2026-10-09T20:45:14.827000+00:00,1036.343,33714,24832,,,,
B-03,B,M05,v2,I03,luna,{},control,STARTED,True,PASS_WITH_LIMITATIONS,2026-10-09T19:43:13.922593+00:00,2026-10-09T20:43:13.922593+00:00,2026-10-09T20:22:45.216616+00:00,2026-10-09T20:23:37.273000+00:00,2423.35,2371.294,True,True,2163.902,2163.902,True,3869.241,2026-10-09T20:47:43.164000+00:00,1150.271,31475,32302,,,,
B-03,B,M05,v2,I03,luna,{},treatment,STARTED,True,FAIL,2026-10-09T19:43:15.663076+00:00,2026-10-09T20:43:15.663076+00:00,2026-10-09T20:18:25.552600+00:00,2026-10-09T20:19:36.931000+00:00,2181.268,2109.89,True,True,3034.546,3034.546,True,,2026-10-09T20:47:43.164000+00:00,1150.271,22101,55002,,,,
B-04,B,M05,v2,I04,luna,{},control,UNSTARTED,False,,,,,,,,,,,0,,,,,,,,,,
B-04,B,M05,v2,I04,luna,{},treatment,UNSTARTED,False,,,,,,,,,,,0,,,,,,,,,,
B-05,B-development,M14,v1,I05,muse,"{""treatment"": {""critic"": ""luna""}}",control,STARTED,True,FAIL,2026-10-09T20:20:18.414695+00:00,2026-10-09T21:35:18.414695+00:00,2026-10-09T20:45:54.220162+00:00,2026-10-09T20:46:28.474000+00:00,1570.059,1535.805,True,True,1123.711,1123.711,True,,2026-10-09T21:06:10.151000+00:00,1007.687,46027,2405,,,,
B-05,B-development,M14,v1,I05,muse,"{""treatment"": {""critic"": ""luna""}}",treatment,STARTED,True,FAIL,2026-10-09T20:20:43.999011+00:00,2026-10-09T21:35:43.999011+00:00,2026-10-09T20:47:31.937784+00:00,2026-10-09T20:48:16.544000+00:00,1652.545,1607.939,True,True,2329.049,2329.049,True,,2026-10-09T21:06:10.151000+00:00,1007.687,27854,7610,,,,
B-06,B-development,M14,v1,I06,muse,"{""treatment"": {""critic"": ""luna""}}",control,STARTED,True,FAIL,2026-10-09T20:22:20.723737+00:00,2026-10-09T21:37:20.723737+00:00,2026-10-09T20:47:32.541788+00:00,2026-10-09T20:48:13.562000+00:00,1552.838,1511.818,True,True,1089.265,1089.265,True,,2026-10-09T21:09:04.968000+00:00,985.687,50256,15374,,,,
B-06,B-development,M14,v1,I06,muse,"{""treatment"": {""critic"": ""luna""}}",treatment,STARTED,True,FAIL,2026-10-09T20:22:57.384622+00:00,2026-10-09T21:37:57.384622+00:00,2026-10-09T20:51:47.470434+00:00,2026-10-09T20:52:15.351000+00:00,1757.966,1730.086,True,True,2608.8469999999998,2608.8469999999998,True,,2026-10-09T21:09:04.968000+00:00,985.687,38760,15808,,,,
B-07,B-development,M15,v1,I07,luna,{},control,STARTED,False,,2026-10-09T20:58:55.462771+00:00,2026-10-09T22:13:55.462771+00:00,2026-10-09T21:47:16.343472+00:00,,,2900.881,,True,,2339.425,,,,,33066,36327,,,,
B-07,B-development,M15,v1,I07,luna,{},treatment,STARTED,False,,2026-10-09T20:58:58.512742+00:00,2026-10-09T22:13:58.512742+00:00,,,,,,,,2727.629,,,,,,,,,,
B-08,B-development,M15,v1,I08,muse,{},control,STARTED,True,FAIL,2026-10-09T20:59:08.770413+00:00,2026-10-09T22:14:08.770413+00:00,2026-10-09T21:16:27.318752+00:00,2026-10-09T21:17:26.319000+00:00,1097.549,1038.548,True,True,1043.4099999999999,1043.4099999999999,True,,2026-10-09T21:43:48.179000+00:00,1065.657,39696,5537,,,,
B-08,B-development,M15,v1,I08,muse,{},treatment,STARTED,True,FAIL,2026-10-09T20:59:19.391482+00:00,2026-10-09T22:14:19.391482+00:00,2026-10-09T21:24:01.436101+00:00,2026-10-09T21:25:26.083000+00:00,1566.692,1482.045,True,True,1693.74,1693.74,True,,2026-10-09T21:43:48.179000+00:00,1065.657,62764,12458,,,,
C-01,C-development,M16,v1,H01,luna,{},control,STARTED,False,,2026-10-09T21:37:32.734901+00:00,2026-10-09T22:52:32.734901+00:00,,,,,,,,0,,,,,,,,,,
C-01,C-development,M16,v1,H01,luna,{},treatment,STARTED,False,,2026-10-09T21:37:34.418337+00:00,2026-10-09T22:37:34.418337+00:00,,,,,,,,0,,,,,,,,,,
C-02,C-development,M16,v1,H02,luna,{},control,STARTED,False,,2026-10-09T21:37:37.734702+00:00,2026-10-09T22:52:37.734702+00:00,,,,,,,,510.775,,,,,,,,,,
C-02,C-development,M16,v1,H02,luna,{},treatment,STARTED,False,,2026-10-09T21:37:40.303378+00:00,2026-10-09T22:37:40.303378+00:00,,,,,,,,0,,,,,,,,,,
C-03,C,,v1,C03,,{},control,UNSTARTED,False,,,,,,,,,,,0,,,,,,,,,,
C-03,C,,v1,C03,,{},treatment,UNSTARTED,False,,,,,,,,,,,0,,,,,,,,,,
C-04,C,,v1,C04,,{},control,UNSTARTED,False,,,,,,,,,,,0,,,,,,,,,,
C-04,C,,v1,C04,,{},treatment,UNSTARTED,False,,,,,,,,,,,0,,,,,,,,,,
C-05,C,,v1,C05,,{},control,UNSTARTED,False,,,,,,,,,,,0,,,,,,,,,,
C-05,C,,v1,C05,,{},treatment,UNSTARTED,False,,,,,,,,,,,0,,,,,,,,,,
C-06,C,,v1,C06,,{},control,UNSTARTED,False,,,,,,,,,,,0,,,,,,,,,,
C-06,C,,v1,C06,,{},treatment,UNSTARTED,False,,,,,,,,,,,0,,,,,,,,,,
C-07,C,,v1,C07,,{},control,UNSTARTED,False,,,,,,,,,,,0,,,,,,,,,,
C-07,C,,v1,C07,,{},treatment,UNSTARTED,False,,,,,,,,,,,0,,,,,,,,,,
C-08,C,,v1,C08,,{},control,UNSTARTED,False,,,,,,,,,,,0,,,,,,,,,,
C-08,C,,v1,C08,,{},treatment,UNSTARTED,False,,,,,,,,,,,0,,,,,,,,,,
